State Name,Region,Image URL,State Abbr,1975 Q1,1975 Q2,1975 Q3,1975 Q4,1976 Q1,1976 Q2,1976 Q3,1976 Q4,1977 Q1,1977 Q2,1977 Q3,1977 Q4,1978 Q1,1978 Q2,1978 Q3,1978 Q4,1979 Q1,1979 Q2,1979 Q3,1979 Q4,1980 Q1,1980 Q2,1980 Q3,1980 Q4,1981 Q1,1981 Q2,1981 Q3,1981 Q4,1982 Q1,1982 Q2,1982 Q3,1982 Q4,1983 Q1,1983 Q2,1983 Q3,1983 Q4,1984 Q1,1984 Q2,1984 Q3,1984 Q4,1985 Q1,1985 Q2,1985 Q3,1985 Q4,1986 Q1,1986 Q2,1986 Q3,1986 Q4,1987 Q1,1987 Q2,1987 Q3,1987 Q4,1988 Q1,1988 Q2,1988 Q3,1988 Q4,1989 Q1,1989 Q2,1989 Q3,1989 Q4,1990 Q1,1990 Q2,1990 Q3,1990 Q4,1991 Q1,1991 Q2,1991 Q3,1991 Q4,1992 Q1,1992 Q2,1992 Q3,1992 Q4,1993 Q1,1993 Q2,1993 Q3,1993 Q4,1994 Q1,1994 Q2,1994 Q3,1994 Q4,1995 Q1,1995 Q2,1995 Q3,1995 Q4,1996 Q1,1996 Q2,1996 Q3,1996 Q4,1997 Q1,1997 Q2,1997 Q3,1997 Q4,1998 Q1,1998 Q2,1998 Q3,1998 Q4,1999 Q1,1999 Q2,1999 Q3,1999 Q4,2000 Q1,2000 Q2,2000 Q3,2000 Q4,2001 Q1,2001 Q2,2001 Q3,2001 Q4,2002 Q1,2002 Q2,2002 Q3,2002 Q4,2003 Q1,2003 Q2,2003 Q3,2003 Q4,2004 Q1,2004 Q2,2004 Q3,2004 Q4,2005 Q1,2005 Q2,2005 Q3,2005 Q4,2006 Q1,2006 Q2,2006 Q3,2006 Q4,2007 Q1,2007 Q2,2007 Q3,2007 Q4,2008 Q1,2008 Q2,2008 Q3,2008 Q4,2009 Q1,2009 Q2,2009 Q3,2009 Q4,2010 Q1,2010 Q2,2010 Q3,2010 Q4,2011 Q1,2011 Q2,2011 Q3,2011 Q4,2012 Q1,2012 Q2,2012 Q3,2012 Q4,2013 Q1,2013 Q2,2013 Q3,2013 Q4,2014 Q1,2014 Q2,2014 Q3,2014 Q4,2015 Q1,2015 Q2,2015 Q3,2015 Q4,2016 Q1,2016 Q2,2016 Q3,2016 Q4,2017 Q1,2017 Q2,2017 Q3,2017 Q4,2018 Q1,2018 Q2,2018 Q3,2018 Q4,2019 Q1,2019 Q2,2019 Q3,2019 Q4,2020 Q1,2020 Q2,2020 Q3,2020 Q4,2021 Q1,2021 Q2,2021 Q3,2021 Q4,2022 Q1,2022 Q2,2022 Q3,2022 Q4,2023 Q1,2023 Q2,2023 Q3,2023 Q4,2024 Q1,2024 Q2,2024 Q3,2024 Q4,2025 Q1,2025 Q2,2025 Q3,2025 Q4
Alaska,West,https://flagcdn.com/us-ak.svg,AK,62.03,63.7,66.62,68.27,70.76,70.11,74.67,72.48,78.09,54.9,79.98,79.2,78.78,85.99,87.15,90.57,89.51,97.42,93.42,95.24,100.0,113.42,73.82,94.54,89.27,108.08,115.67,128.59,135.25,129.78,140.23,135.84,137.77,140.02,144.41,145.09,149.02,147.45,152.72,151.27,144.21,144.7,145.42,140.74,141.38,144.02,139.57,135.96,132.85,123.78,115.06,104.2,120.78,114.04,125.44,131.13,127.71,103.77,103.2,101.32,97.9,111.37,121.0,118.63,123.53,126.49,130.33,130.59,132.36,133.48,134.21,134.88,134.58,135.05,137.5,138.23,139.32,142.6,144.22,143.53,145.59,148.42,149.74,150.32,152.6,155.0,155.6,157.66,157.64,158.63,160.1,161.98,161.89,164.59,166.04,165.73,167.79,171.52,171.03,171.37,170.99,173.04,174.39,174.93,177.69,181.4,183.86,184.39,187.28,192.43,193.76,193.35,194.69,197.68,202.21,210.04,211.21,216.58,227.38,229.87,235.35,243.97,253.29,260.45,265.05,271.29,276.48,278.18,281.86,284.75,284.02,283.15,283.15,283.54,280.16,282.49,283.41,280.59,279.31,280.63,276.9,279.05,280.76,281.48,281.27,280.64,281.72,283.54,281.89,280.87,283.7,286.07,289.34,289.96,292.23,293.8,291.45,297.74,300.93,300.31,302.98,306.03,309.68,309.76,310.9,313.23,315.38,313.38,314.35,315.63,318.94,319.45,319.42,320.69,321.37,320.45,323.89,327.76,329.88,330.08,333.4,336.7,341.27,344.17,347.65,361.17,377.2,381.8,391.6,415.23,418.49,414.53,425.08,434.59,451.9,435.15,445.32,458.53,463.51,459.6,460.33,483.05,476.41,486.73
Alabama,South,https://flagcdn.com/us-al.svg,AL,72.92,72.09,74.82,71.21,76.87,73.96,77.41,78.95,81.19,83.01,87.89,88.81,87.93,88.29,96.22,95.68,99.15,100.25,101.48,107.48,100.0,101.94,109.68,108.71,103.8,108.55,112.42,106.16,108.63,106.44,107.11,114.86,114.43,113.97,116.75,113.39,121.93,120.34,124.25,120.83,120.45,124.37,126.83,127.71,128.91,131.42,132.99,135.43,137.54,138.71,139.24,138.02,141.62,142.68,142.2,140.73,141.08,142.86,145.06,146.14,145.06,146.18,146.79,146.89,148.13,150.37,151.2,153.7,154.94,155.13,158.08,159.38,160.46,162.26,165.08,166.5,167.56,169.67,170.28,170.34,172.08,175.45,178.24,179.7,182.76,182.72,183.04,185.26,187.4,188.62,191.54,193.98,197.19,198.55,200.85,203.35,204.03,204.84,205.17,206.75,207.47,209.23,210.9,213.59,219.82,220.79,222.33,224.82,225.24,226.32,229.73,232.4,234.73,236.88,238.47,239.88,242.26,243.8,248.23,251.94,255.22,261.32,266.85,272.2,277.86,282.36,286.82,292.38,294.22,298.29,299.04,301.23,303.19,302.06,299.78,301.31,303.42,300.21,293.14,292.19,287.93,283.64,287.47,285.18,277.58,273.82,275.92,278.18,275.24,273.38,275.23,275.67,272.93,273.58,273.03,271.93,273.63,274.25,277.25,278.62,281.61,282.3,284.05,285.89,286.6,290.62,295.08,294.17,295.8,299.33,302.11,304.17,307.38,311.84,314.89,315.33,321.35,325.87,330.53,334.38,338.37,343.24,349.88,357.23,364.67,381.59,403.25,419.53,431.74,455.67,468.63,468.11,473.89,482.25,491.36,489.82,497.61,508.77,515.29,520.84,520.26,531.19,530.97,539.17
Arkansas,South,https://flagcdn.com/us-ar.svg,AR,67.17,60.21,64.89,61.98,66.2,68.01,70.51,71.59,72.49,75.39,76.77,79.88,80.06,80.82,85.43,84.77,90.37,93.94,98.32,101.04,100.0,100.46,105.35,107.94,106.87,105.84,108.68,102.37,101.33,104.99,109.86,107.86,111.61,114.96,115.74,116.71,118.74,116.71,118.2,119.5,119.38,118.37,122.77,122.67,124.15,126.91,125.19,126.37,127.21,129.06,126.6,122.58,124.78,126.17,125.03,124.4,125.17,125.61,126.42,125.62,126.16,126.54,127.24,126.65,128.02,128.6,129.59,131.89,133.12,132.23,134.69,135.27,136.57,138.76,141.29,142.92,145.81,146.98,148.71,149.81,150.69,154.92,156.7,157.48,159.64,160.14,159.77,161.46,163.02,164.38,165.19,167.64,169.4,169.24,172.18,174.09,174.88,174.98,175.64,176.17,177.14,178.85,179.95,182.31,186.81,187.97,189.93,191.88,192.53,193.37,196.58,198.95,200.43,201.78,204.2,207.28,209.8,213.39,216.83,220.63,223.77,228.89,233.97,237.14,240.56,244.16,246.63,248.77,250.93,252.67,252.19,253.38,253.19,252.46,249.6,250.85,252.96,249.87,245.81,244.83,241.45,242.19,242.96,241.97,238.06,236.41,238.62,239.75,239.21,236.73,240.13,241.54,242.37,242.74,243.41,242.87,244.21,244.3,246.39,249.16,248.91,249.98,253.45,255.52,254.11,257.82,260.55,261.91,264.98,265.7,268.88,271.1,273.7,276.5,278.76,280.96,283.33,286.7,290.0,292.28,294.08,296.78,301.22,308.57,314.2,329.8,348.66,363.55,373.67,396.75,409.61,409.31,415.19,426.52,432.63,435.73,437.31,447.57,456.84,457.9,462.85,466.85,472.32,476.18
Arizona,West,https://flagcdn.com/us-az.svg,AZ,59.47,60.45,59.04,55.95,58.97,62.68,60.94,61.46,63.47,63.55,65.94,69.61,70.98,73.61,78.83,82.76,86.87,92.35,95.12,98.54,100.0,98.06,106.49,107.48,108.25,111.07,115.75,108.81,104.68,108.53,101.27,107.32,118.12,118.36,114.59,112.42,116.93,120.87,122.11,121.69,124.48,124.86,126.38,128.26,130.78,134.61,134.59,132.16,136.99,135.9,134.84,132.77,133.74,135.41,133.34,133.69,132.39,131.82,133.98,133.14,132.98,132.13,133.47,132.09,134.07,134.98,134.45,138.4,139.08,138.82,139.78,140.58,140.7,142.4,143.52,145.43,147.42,149.52,151.46,153.16,155.07,157.85,160.91,163.0,165.55,165.79,167.38,168.86,170.7,171.59,174.56,177.22,179.72,181.2,183.7,185.8,187.66,190.04,192.67,194.58,198.95,201.18,203.84,206.95,211.59,214.84,217.95,220.05,223.04,226.01,229.85,232.5,235.25,237.73,241.39,249.48,253.86,262.9,278.27,289.74,307.22,338.94,367.68,393.21,408.02,416.54,420.2,423.83,422.22,418.54,409.17,402.27,389.02,366.47,339.95,327.83,326.82,303.44,287.77,279.12,271.44,261.93,261.58,255.16,240.77,228.81,230.72,235.83,234.93,237.73,247.39,254.81,261.06,272.79,280.8,288.61,294.18,299.38,302.36,307.51,310.1,316.71,323.05,327.62,331.43,338.4,344.1,349.55,354.69,363.82,371.44,375.79,383.6,391.72,400.67,405.37,410.54,418.74,424.99,432.35,440.99,448.73,459.67,475.92,497.14,536.76,581.25,610.76,639.89,687.78,696.62,670.79,665.9,676.59,690.19,696.36,700.68,713.24,718.34,719.28,719.69,727.7,727.66,731.53
California,West,https://flagcdn.com/us-ca.svg,CA,41.67,42.78,44.35,45.75,47.83,50.3,53.58,55.58,58.05,63.03,67.98,70.68,73.24,76.0,78.63,81.8,84.89,88.69,93.13,96.36,100.0,102.81,106.53,108.37,110.5,112.84,116.28,117.55,104.04,107.3,104.72,115.83,116.75,117.44,117.2,117.68,119.45,120.07,121.65,122.74,124.48,126.25,129.13,130.51,132.22,134.75,137.7,141.06,144.68,148.22,152.87,157.18,162.95,169.65,177.68,187.38,196.13,205.81,217.73,224.57,227.32,228.09,229.98,228.49,228.42,227.0,227.0,228.66,227.47,225.1,224.67,222.58,219.13,217.26,215.41,214.13,212.01,206.89,203.84,200.95,199.61,201.5,203.84,203.51,203.48,200.9,200.52,201.56,202.5,204.55,208.57,212.23,216.86,221.58,227.43,231.81,235.31,239.31,244.78,249.97,260.84,267.86,276.85,285.4,296.44,305.5,311.92,316.3,324.75,335.77,348.4,358.59,366.88,373.75,386.41,411.1,424.37,450.95,496.77,515.87,538.45,570.01,598.46,625.21,638.23,644.07,646.17,642.47,633.65,623.02,599.78,575.2,542.98,498.09,460.27,444.38,440.38,420.27,410.99,412.27,409.23,407.98,410.23,405.72,391.2,384.89,386.5,385.32,381.01,381.65,390.58,398.86,407.27,425.97,446.92,461.72,471.35,484.12,494.25,499.86,505.09,516.4,529.58,536.88,543.9,553.56,565.67,572.48,578.43,590.42,602.22,610.8,621.26,633.11,641.11,641.02,645.21,651.78,658.69,662.96,669.23,676.9,684.83,698.99,718.58,761.23,800.89,833.31,867.02,919.84,913.68,888.19,885.58,907.07,917.78,918.72,934.0,948.44,957.91,960.9,962.29,970.7,968.85,972.44
Colorado,West,https://flagcdn.com/us-co.svg,CO,54.56,54.58,55.45,54.69,55.21,59.99,60.04,62.18,64.83,65.52,69.2,72.96,76.04,79.93,83.9,87.43,91.57,94.46,97.63,99.32,100.0,102.74,107.43,106.54,106.48,108.56,114.28,110.42,119.62,120.96,122.65,126.22,126.28,125.29,126.39,121.65,125.89,125.38,125.67,123.29,126.14,125.4,126.36,124.13,128.79,129.35,128.57,127.85,129.65,128.07,125.37,124.18,125.34,125.0,123.8,123.44,123.39,124.44,126.77,126.4,127.01,127.97,129.02,129.23,130.74,132.34,133.59,135.87,137.74,140.77,143.9,146.57,149.27,152.94,157.3,161.2,165.89,173.51,177.9,179.32,182.68,186.23,189.94,192.85,195.26,197.68,199.97,202.61,204.82,207.48,210.79,214.1,217.07,219.73,223.76,226.46,230.79,237.9,245.81,250.07,259.43,265.87,272.78,278.92,286.72,292.52,297.97,300.33,303.85,307.19,311.57,313.47,314.39,315.73,317.14,320.78,323.24,325.66,330.31,333.47,337.01,341.95,347.27,350.75,351.74,353.45,355.2,358.44,359.33,360.35,358.08,359.06,360.9,358.71,351.6,352.62,359.2,353.33,344.94,344.09,340.07,336.15,340.36,338.72,330.24,324.31,327.61,330.63,328.81,329.7,335.08,338.13,342.24,349.21,357.66,360.65,365.69,378.21,386.57,392.28,399.78,416.32,431.29,437.29,445.08,460.8,473.11,480.06,488.05,505.22,513.39,520.33,534.3,547.93,556.39,558.03,565.67,574.63,579.98,584.8,591.13,598.1,607.52,620.0,636.69,682.42,722.89,743.31,774.11,831.58,822.84,803.61,805.69,826.64,827.35,818.59,832.06,845.06,847.69,848.05,850.93,855.85,854.61,859.33
Connecticut,Northeast,https://flagcdn.com/us-ct.svg,CT,62.85,62.95,61.91,61.84,64.76,63.97,67.4,68.1,64.03,68.83,71.46,72.41,73.95,79.68,86.72,88.58,95.67,97.54,100.62,101.93,100.0,102.08,103.78,104.86,103.75,110.13,114.29,111.29,111.75,112.09,111.22,112.98,118.74,121.06,122.4,126.16,131.07,134.4,140.44,141.76,148.37,155.47,160.05,168.76,174.58,185.31,199.35,212.64,224.87,237.25,250.41,257.62,263.39,267.48,265.91,266.09,261.43,261.35,262.21,261.28,257.3,249.58,246.93,240.23,239.74,236.36,233.7,235.95,236.97,232.28,233.1,232.92,229.25,229.99,229.91,230.51,228.54,223.38,220.44,217.63,216.46,219.19,224.55,224.8,227.74,224.79,221.67,222.98,224.22,225.26,227.85,230.21,235.69,235.8,239.21,242.37,245.71,248.59,253.31,256.41,261.2,268.3,274.09,277.81,284.72,290.79,297.98,303.17,309.59,318.47,327.17,334.07,338.29,343.87,352.07,364.97,371.24,383.34,402.77,410.56,420.99,435.21,447.13,456.1,462.05,464.4,464.95,467.42,470.73,467.05,463.14,462.51,461.86,450.98,437.06,433.38,436.81,422.72,412.05,410.69,405.9,401.44,405.99,406.61,396.15,388.8,389.91,392.97,386.48,382.4,383.39,384.7,382.95,381.24,380.73,377.39,376.07,379.18,381.77,381.25,386.3,387.32,385.13,384.4,384.55,386.55,389.94,390.15,384.7,390.15,392.36,392.38,390.69,393.56,397.29,395.13,397.38,403.63,408.22,410.64,412.2,416.58,425.83,437.39,448.96,472.02,497.53,507.72,521.71,552.43,562.68,560.33,567.87,597.12,608.72,617.95,622.06,650.1,664.64,669.81,676.43,698.63,708.5,708.82
District of Columbia,South,https://upload.wikimedia.org/wikipedia/commons/0/03/Flag_of_Washington%2C_D.C.svg,DC,47.71,46.87,47.3,53.74,53.1,52.84,59.54,57.94,59.27,64.05,66.64,71.98,69.01,77.54,80.82,81.31,89.4,88.34,91.8,98.47,100.0,95.82,99.07,101.29,91.63,105.75,95.41,102.95,77.12,102.55,81.28,101.19,95.28,97.17,102.3,100.42,102.02,103.9,106.2,108.2,107.54,110.6,111.82,114.25,114.12,119.66,122.82,128.18,133.04,136.31,140.85,146.09,154.85,162.23,165.6,170.2,180.03,181.67,183.7,187.29,192.57,192.08,187.89,188.26,190.89,192.05,189.88,193.79,196.28,196.21,195.85,194.51,193.35,194.13,194.89,195.27,196.59,189.64,189.19,181.24,184.1,183.88,188.97,192.0,194.52,190.75,188.45,189.74,189.98,191.58,189.71,189.97,197.42,198.72,200.08,206.04,207.89,212.51,219.25,225.05,234.88,243.66,251.32,255.76,266.77,279.01,290.56,299.23,308.87,319.94,334.92,344.79,352.59,359.38,370.74,390.25,405.53,425.8,455.32,479.91,501.54,530.91,563.06,591.18,600.2,607.57,613.6,624.72,629.82,629.24,630.43,623.7,611.53,595.47,581.63,574.7,577.25,560.08,555.25,562.53,556.08,558.88,567.55,567.26,559.34,567.51,569.86,576.33,579.88,584.1,593.83,604.93,614.6,633.15,653.47,656.36,670.36,686.67,693.76,709.53,715.68,726.95,743.4,758.76,765.17,781.82,787.88,801.25,798.94,818.58,829.48,834.8,845.52,858.12,862.14,874.53,879.9,885.71,899.62,905.32,912.84,915.03,925.66,946.08,956.23,995.86,1019.34,1028.42,1053.34,1093.78,1081.71,1051.87,1040.04,1030.25,1034.53,1019.13,1039.89,1063.14,1046.92,1042.2,1055.28,1047.55,1065.43,1073.96
Delaware,Northeast,https://flagcdn.com/us-de.svg,DE,76.84,89.52,86.84,71.35,79.27,85.28,80.68,86.66,89.76,77.74,82.43,82.37,86.81,88.93,84.37,83.6,86.18,86.21,94.47,95.36,100.0,106.75,109.98,105.7,108.35,103.5,115.69,107.03,103.57,112.81,112.82,115.55,116.15,118.59,121.76,127.41,124.88,128.23,131.33,133.34,136.29,140.19,142.7,145.1,150.51,154.07,158.75,164.18,170.51,174.6,181.72,186.79,189.18,194.83,200.52,205.69,208.77,215.31,220.78,222.0,225.38,224.52,222.99,222.78,226.25,227.03,226.94,230.14,230.21,228.55,229.74,231.75,230.52,231.41,230.84,231.61,230.58,228.16,225.51,224.91,225.33,226.36,230.08,229.85,232.99,230.11,231.19,233.23,233.17,233.26,235.41,237.15,241.11,241.75,242.76,244.32,248.01,249.94,253.89,255.27,259.46,264.04,269.02,272.45,278.31,283.24,288.83,292.7,297.8,305.47,313.23,318.24,323.13,329.94,337.5,350.29,361.11,369.21,391.5,403.52,414.79,432.28,451.6,461.09,470.56,479.44,484.1,492.7,493.23,496.83,492.01,492.74,489.34,482.35,471.48,466.21,468.47,454.65,443.72,440.09,436.67,431.99,431.86,428.5,417.89,406.0,402.26,407.17,403.96,395.3,398.62,401.14,401.66,401.7,403.3,406.1,405.2,408.71,413.78,412.13,418.82,417.86,420.69,422.73,423.67,427.44,432.28,435.5,433.83,436.13,437.01,441.57,448.41,450.03,452.13,455.82,458.89,466.57,472.08,475.02,481.05,484.51,495.04,502.52,517.94,539.98,565.45,585.26,602.6,637.49,643.25,650.98,658.58,667.02,688.91,688.36,710.02,719.63,728.65,730.32,740.07,750.61,760.89,770.04
Florida,South,https://flagcdn.com/us-fl.svg,FL,66.07,83.59,66.85,68.15,68.14,76.06,68.99,70.24,70.93,78.83,72.75,74.92,78.42,83.36,83.12,84.6,89.8,92.49,93.74,97.95,100.0,99.51,105.9,108.77,110.39,111.97,108.12,104.72,112.52,114.44,104.44,112.62,121.4,123.6,124.29,124.53,125.94,126.92,128.2,126.47,127.9,128.27,128.1,129.88,131.3,134.74,135.66,135.82,136.52,138.66,138.87,139.84,141.38,144.31,145.45,146.66,147.79,148.78,151.24,152.35,153.05,152.53,153.46,152.91,154.66,155.07,154.83,157.53,159.38,157.97,160.62,160.73,160.95,162.67,163.98,165.57,165.38,164.29,164.5,164.45,165.02,167.31,170.43,171.79,173.6,172.52,173.12,174.06,176.02,175.98,178.29,181.37,184.9,184.69,187.05,189.8,190.89,192.38,194.7,197.0,200.86,204.52,208.82,213.18,219.33,224.85,229.99,235.55,240.22,247.56,254.53,260.31,265.87,272.28,278.8,291.78,300.62,314.74,334.52,349.82,368.53,396.12,423.71,446.04,463.61,473.41,476.89,480.18,477.34,471.09,454.22,442.75,424.96,395.56,363.46,345.14,350.65,332.75,313.63,305.66,299.92,291.56,294.96,289.67,275.89,267.44,270.22,272.66,267.27,265.4,271.61,275.47,279.15,288.49,295.8,303.34,307.55,315.9,322.61,328.6,336.0,344.09,352.71,359.54,366.33,375.6,385.92,392.25,399.4,409.21,416.42,424.5,432.99,441.36,448.78,452.24,459.22,465.22,472.86,478.93,486.24,492.48,501.05,514.48,531.18,565.96,607.7,641.91,678.13,732.72,761.25,757.98,760.96,776.9,793.94,793.18,803.69,811.22,815.37,823.3,815.16,820.47,816.33,823.56
Georgia,South,https://flagcdn.com/us-ga.svg,GA,73.9,71.68,73.69,73.79,71.98,73.23,78.88,78.36,75.98,76.73,78.97,79.74,84.2,81.38,85.43,86.43,87.96,91.02,92.16,95.65,100.0,100.44,102.16,102.7,107.93,107.51,108.85,113.36,113.56,115.45,114.35,116.42,117.82,118.59,121.11,120.8,124.41,126.59,124.19,129.28,131.73,128.56,135.22,137.79,140.11,141.97,143.66,146.07,148.5,150.17,151.82,152.58,154.74,156.65,156.93,156.73,157.87,158.26,160.4,161.43,160.92,159.51,160.52,159.42,161.18,161.73,161.27,163.0,164.11,164.29,167.63,167.95,168.27,170.18,171.32,172.59,173.14,174.12,174.86,175.55,176.46,179.87,182.22,185.05,187.21,188.17,189.74,191.35,193.47,195.7,199.02,201.81,205.44,207.28,211.09,214.18,217.1,220.41,224.22,226.9,229.9,233.66,237.42,241.28,248.08,251.07,254.33,257.62,259.79,261.78,266.07,269.15,271.19,272.99,274.65,278.22,282.03,284.04,288.0,292.52,296.31,300.14,305.2,309.32,312.32,314.23,316.73,322.77,325.38,326.43,324.38,326.55,326.8,321.8,313.11,311.73,318.51,308.83,296.28,291.96,286.35,280.09,282.92,279.12,269.02,257.43,258.83,258.35,251.68,247.12,250.3,253.34,253.62,259.61,263.01,266.43,270.07,276.74,281.95,283.96,288.16,295.02,298.63,301.17,303.93,312.19,318.17,320.83,322.84,331.5,336.44,339.88,347.56,355.7,361.68,363.75,369.09,376.67,382.08,385.9,391.82,395.98,403.75,412.17,424.4,448.76,475.73,499.91,524.64,561.02,576.83,577.01,582.3,598.36,607.92,610.82,620.07,631.69,638.62,641.12,648.64,653.91,656.29,659.78
Hawaii,West,https://flagcdn.com/us-hi.svg,HI,62.73,53.83,80.68,55.78,53.6,56.65,57.1,62.74,55.94,59.04,60.5,65.62,65.93,65.32,67.29,74.84,73.95,82.16,89.56,92.47,100.0,102.14,100.45,107.62,101.83,98.64,86.01,49.24,112.29,103.68,100.19,85.39,102.05,106.03,111.75,106.03,108.12,113.27,110.14,109.05,114.48,112.82,116.75,117.84,119.75,119.85,120.71,123.59,127.81,130.72,132.57,135.62,144.35,151.35,155.34,166.29,178.81,183.43,195.41,202.57,217.58,231.03,241.73,251.11,256.76,259.21,259.39,263.25,262.51,262.02,263.83,264.58,263.76,265.07,264.24,265.59,266.43,263.52,264.64,257.45,256.63,260.29,260.53,261.5,256.18,250.74,241.7,238.58,235.68,229.61,229.89,228.81,230.28,230.61,231.44,230.36,229.14,227.68,223.8,223.73,229.97,229.89,232.81,238.34,246.07,249.86,253.98,257.97,261.9,267.67,275.94,279.55,287.58,294.65,303.03,320.2,335.36,354.19,388.13,402.64,421.71,446.5,474.4,501.09,519.58,524.53,534.31,531.91,539.41,540.39,537.54,535.66,530.36,519.51,503.42,494.75,491.41,470.71,457.19,450.53,449.83,446.77,449.53,449.86,440.51,440.84,443.78,443.91,445.47,442.39,450.3,454.69,457.44,467.64,475.79,487.07,491.32,498.89,508.59,514.22,526.82,531.04,538.14,544.64,559.08,561.57,573.08,578.48,579.69,586.5,595.95,598.45,605.18,610.02,614.99,618.06,625.84,627.4,633.37,639.41,639.01,647.38,640.8,651.06,661.19,694.28,722.95,757.59,795.97,837.43,887.01,874.9,849.55,884.69,864.0,790.82,899.46,895.05,918.37,868.92,926.79,917.82,923.44,930.78
Iowa,Midwest,https://flagcdn.com/us-ia.svg,IA,59.35,64.26,64.46,66.21,68.77,71.39,74.8,72.3,77.05,79.14,80.65,84.34,86.7,90.82,92.19,96.31,97.19,100.55,103.59,102.42,100.0,101.83,102.58,98.3,95.73,94.16,89.46,102.28,96.81,97.95,87.44,95.84,99.3,100.26,99.94,99.45,99.77,101.13,100.48,102.11,102.72,102.52,104.03,103.21,104.4,104.91,105.32,104.98,106.51,106.48,106.62,103.19,105.6,107.31,109.45,108.92,111.01,112.23,114.35,115.25,116.95,118.37,119.9,120.9,122.46,123.84,124.92,126.84,127.24,129.33,130.94,132.14,133.34,135.25,138.02,139.59,142.22,145.78,148.55,148.63,150.36,153.58,155.77,157.25,159.47,160.71,162.19,163.2,164.88,166.65,169.17,170.61,172.81,175.01,176.92,179.08,180.72,183.4,184.53,185.63,187.65,190.16,192.62,194.1,198.19,200.34,201.67,204.19,205.97,206.98,209.6,211.37,212.71,214.33,216.95,220.32,221.99,224.27,227.49,230.04,232.61,235.45,239.21,241.08,240.98,242.45,243.91,245.92,246.78,248.9,248.81,250.16,251.61,250.15,248.26,249.33,251.78,250.21,248.74,248.18,246.18,247.05,249.39,249.37,247.08,245.45,247.93,248.89,248.91,248.77,250.78,251.85,252.28,253.9,254.91,255.01,254.74,258.18,260.99,262.12,263.24,266.66,269.08,270.68,272.28,275.05,278.94,280.17,282.07,285.93,289.5,290.45,291.54,297.18,299.28,300.05,301.77,305.53,308.65,310.59,312.76,314.42,317.48,322.39,325.69,341.44,355.77,362.81,370.45,394.17,401.57,399.22,402.89,414.94,422.61,423.39,426.92,438.06,443.65,442.25,445.13,456.78,458.46,460.03
Idaho,West,https://flagcdn.com/us-id.svg,ID,67.25,69.74,60.54,119.0,64.06,81.29,71.58,74.68,78.2,78.12,83.72,72.36,97.31,42.26,98.69,97.06,106.83,97.26,106.91,111.46,100.0,108.46,114.24,111.76,112.16,109.56,109.99,126.93,100.21,119.59,112.9,120.27,121.42,115.04,115.11,117.51,116.6,116.77,118.86,121.39,115.87,121.06,123.55,120.6,123.31,120.93,123.37,123.2,124.19,122.25,117.83,118.93,121.34,123.26,120.24,119.76,123.34,124.63,126.68,127.14,129.1,134.2,137.3,136.02,140.07,140.46,143.46,146.75,148.36,150.02,153.38,157.56,158.81,163.9,168.7,171.72,172.65,179.1,181.35,182.19,183.25,187.74,190.99,193.35,195.65,193.89,194.45,196.18,198.21,198.36,201.25,203.78,206.39,207.37,208.41,209.77,211.5,212.41,210.91,210.33,213.61,213.55,215.44,217.64,223.26,225.72,226.99,229.69,230.18,231.17,234.89,237.26,239.47,241.41,243.4,246.65,249.68,256.1,265.04,271.69,278.41,291.0,308.39,322.54,333.95,347.05,356.8,365.24,370.55,371.42,371.84,372.08,373.49,364.96,354.67,354.74,355.8,343.72,328.81,323.31,312.71,307.57,306.49,299.14,282.47,272.83,277.98,282.85,280.43,277.18,283.29,287.37,290.22,293.6,302.34,302.69,307.44,313.57,317.76,319.25,325.6,330.86,337.89,342.82,347.87,354.18,365.99,367.58,374.62,389.21,397.71,403.97,416.82,435.66,448.43,456.38,465.8,481.99,493.02,504.57,515.83,525.53,546.03,571.27,602.49,666.98,721.56,747.18,770.04,826.22,828.5,798.85,798.6,805.0,821.15,813.47,838.35,838.14,896.34,856.7,869.48,873.78,878.52,873.87
Illinois,Midwest,https://flagcdn.com/us-il.svg,IL,65.92,62.23,64.12,67.15,68.16,70.53,73.66,73.21,80.5,84.01,83.43,88.89,91.0,98.39,99.69,102.09,97.8,102.64,101.33,99.49,100.0,100.96,102.53,95.52,101.7,106.75,103.09,104.37,95.0,94.69,86.7,102.69,100.93,104.44,105.71,106.84,107.55,110.25,110.95,112.55,113.31,114.77,116.18,118.09,119.88,122.57,125.25,128.19,130.61,135.39,138.56,140.49,143.52,148.07,151.33,152.66,155.72,158.62,162.21,164.12,166.01,167.86,169.84,170.23,172.29,174.14,175.34,177.74,178.91,180.5,182.23,183.87,185.01,186.66,188.61,190.26,192.87,195.58,197.28,197.66,199.63,202.45,204.9,206.72,208.96,209.67,210.61,212.68,214.03,215.57,217.77,219.83,221.68,222.57,224.73,226.39,228.41,231.12,234.52,236.84,241.52,245.65,249.75,252.57,255.88,260.31,265.14,267.61,272.22,277.07,280.63,283.83,286.8,289.74,293.82,302.98,306.31,313.29,323.59,328.2,334.99,342.82,349.97,356.33,360.99,363.84,366.6,370.76,372.98,371.74,368.7,369.89,368.3,360.81,348.57,347.4,345.92,336.01,325.49,322.25,316.95,313.27,316.47,314.31,303.52,297.24,299.38,299.33,295.43,291.64,295.02,295.08,293.14,294.93,295.52,296.49,297.18,302.77,307.03,308.16,311.65,314.36,315.39,316.81,318.2,322.4,327.18,327.96,326.44,330.77,334.65,335.25,336.91,339.08,340.26,339.58,342.6,347.67,350.98,352.63,354.21,356.19,359.96,364.49,368.82,385.38,398.9,407.91,418.73,443.38,448.13,443.43,447.98,465.05,476.42,479.02,486.28,502.22,510.96,513.09,521.58,535.59,543.12,545.83
Indiana,Midwest,https://flagcdn.com/us-in.svg,IN,65.8,60.74,61.95,63.25,62.38,66.03,65.87,68.67,71.65,71.39,74.48,78.04,82.17,84.45,87.11,89.96,93.39,96.52,97.89,98.04,100.0,99.55,102.3,101.47,104.1,102.61,104.89,106.62,104.57,104.01,95.38,104.18,106.21,106.08,105.85,105.02,105.27,107.91,106.91,109.09,109.96,111.46,112.09,113.75,115.06,117.05,118.84,120.45,122.08,123.61,125.03,125.53,128.36,129.96,130.71,131.93,132.95,134.84,137.22,137.67,138.68,139.99,141.28,141.78,143.89,145.18,146.26,148.37,149.62,150.98,153.31,154.13,155.17,156.7,158.64,160.12,161.83,164.2,166.21,166.34,168.39,171.38,174.3,176.31,178.54,180.25,181.54,183.83,185.23,187.13,189.89,192.28,194.13,195.78,198.02,199.72,201.58,202.66,203.8,204.85,206.37,208.13,210.93,212.91,217.38,219.14,220.64,222.67,224.28,224.98,227.38,228.46,230.26,231.4,232.98,235.04,236.35,237.16,239.72,242.47,244.08,246.23,249.77,250.27,250.24,250.08,251.39,253.95,254.72,255.58,254.53,254.9,256.86,254.95,251.01,250.61,254.53,250.54,246.13,246.16,242.63,242.91,246.16,245.62,240.22,238.1,241.0,242.21,240.04,239.56,241.72,242.33,242.4,242.73,243.47,243.54,243.29,247.2,249.59,250.83,253.74,256.87,257.66,259.5,259.57,264.5,268.4,269.99,270.44,275.55,280.25,282.51,287.13,293.83,297.65,299.79,303.97,309.55,314.33,317.64,321.28,325.03,332.13,340.17,347.03,367.25,385.31,398.33,409.74,435.28,443.92,441.52,444.61,464.09,470.67,473.43,476.63,491.29,499.3,503.52,509.6,516.61,522.04,525.79
Kansas,Midwest,https://flagcdn.com/us-ks.svg,KS,62.04,62.19,63.49,64.47,66.84,67.34,68.76,70.6,72.84,76.01,77.4,79.84,82.37,85.13,88.74,90.24,92.34,94.47,97.61,97.74,100.0,100.93,102.49,104.31,99.37,103.2,103.7,105.71,103.96,104.15,104.58,105.06,106.21,108.71,106.59,108.14,107.78,108.21,107.53,107.55,108.74,109.23,109.61,110.62,112.68,113.17,114.29,114.82,115.68,117.39,117.15,116.2,116.79,117.93,117.16,118.5,117.69,119.66,119.27,119.86,119.77,119.4,119.37,118.93,119.42,120.37,120.61,122.02,122.73,123.3,124.72,125.06,125.83,126.85,128.6,129.73,131.92,135.89,137.54,138.69,140.11,142.74,144.2,146.32,146.81,149.54,151.26,152.45,153.02,155.33,157.14,159.01,160.9,162.52,165.27,167.03,168.8,172.2,174.09,175.11,178.5,179.98,182.46,184.32,187.91,190.23,192.35,194.04,196.61,198.52,200.49,202.11,203.6,205.06,206.56,209.81,211.86,213.98,216.2,218.86,221.03,224.22,226.8,228.03,229.02,230.95,233.0,235.19,236.58,239.15,238.55,238.47,240.12,238.68,235.87,236.28,239.11,237.45,235.59,235.16,233.44,233.06,235.63,235.45,231.66,228.19,230.82,232.71,231.03,229.87,232.13,232.38,233.39,232.04,234.54,233.69,234.55,237.92,241.42,241.07,243.24,246.14,248.98,249.07,251.3,256.24,260.06,261.76,261.25,268.41,270.92,271.78,275.92,281.02,281.81,284.27,286.61,291.83,295.24,297.1,301.17,304.1,310.66,316.82,322.48,341.02,356.09,362.16,374.1,397.77,402.73,399.99,401.48,421.21,428.69,428.99,439.68,448.93,452.01,455.68,465.15,469.96,473.57,474.76
Kentucky,South,https://flagcdn.com/us-ky.svg,KY,63.64,65.42,66.74,67.75,69.19,68.05,68.76,68.88,69.1,73.39,76.16,78.18,80.8,83.28,87.96,91.22,95.03,96.78,96.42,98.58,100.0,100.29,100.34,104.22,106.3,104.88,102.85,102.72,105.7,105.73,103.71,105.92,107.76,108.85,109.29,108.32,112.01,109.94,111.95,111.72,113.42,114.55,113.85,116.19,117.74,119.85,120.04,122.7,124.16,125.34,128.46,128.31,130.78,131.97,134.07,135.38,137.01,137.98,140.69,141.46,142.02,143.18,144.18,143.88,146.25,147.5,148.25,150.11,151.17,152.41,154.38,155.73,156.49,158.43,159.59,161.52,164.14,168.38,169.97,171.72,173.66,176.57,179.0,180.68,182.92,184.54,186.4,188.35,191.31,192.27,194.54,196.99,198.69,201.02,203.45,206.13,207.96,210.27,212.17,213.87,217.18,219.08,220.96,223.73,228.11,230.15,232.07,233.89,235.75,237.35,239.85,242.12,244.12,246.06,248.15,251.66,254.74,256.97,260.01,265.0,266.87,270.6,274.95,276.33,278.91,279.81,281.0,284.03,286.55,287.3,286.94,289.94,291.28,291.17,286.72,288.41,290.98,288.17,284.8,284.78,282.77,281.71,285.59,285.24,281.13,278.32,280.56,281.64,281.32,280.32,282.55,283.59,283.5,284.24,283.73,282.51,282.57,287.03,288.2,290.28,293.13,296.74,298.39,300.76,302.14,307.74,310.97,312.81,315.54,321.88,326.28,326.94,331.25,335.8,338.58,340.07,343.73,349.24,354.53,356.71,360.9,364.99,371.44,378.93,386.01,403.49,423.82,437.32,449.23,475.16,483.8,486.26,491.67,507.47,511.59,515.73,522.0,539.46,546.29,549.94,556.67,563.56,571.54,574.69
Louisiana,South,https://flagcdn.com/us-la.svg,LA,51.8,55.18,52.5,55.89,59.09,58.86,58.16,61.85,63.06,65.25,62.97,68.66,73.04,73.68,77.84,82.06,88.04,92.16,96.25,97.84,100.0,99.14,101.33,102.83,106.65,108.59,111.17,113.09,110.1,114.61,115.18,114.92,116.43,116.9,115.94,116.62,116.78,117.44,116.08,114.58,111.88,113.33,113.42,110.97,113.78,114.63,111.9,110.77,110.94,110.44,104.96,104.91,102.1,102.52,101.15,99.84,100.75,100.63,102.53,102.4,101.75,102.65,103.24,103.71,103.06,105.45,106.42,108.18,109.46,110.55,112.0,113.11,113.94,115.95,118.05,119.63,121.74,124.5,125.61,125.46,127.04,129.6,131.63,132.94,134.83,136.54,137.47,139.46,140.79,141.77,143.74,146.08,148.12,149.39,151.88,153.33,154.67,156.32,157.44,157.89,160.28,160.89,162.8,164.19,168.47,170.16,171.75,173.37,174.3,175.7,178.78,181.43,183.36,185.26,186.96,190.08,192.23,195.17,198.38,201.18,203.33,207.54,211.53,218.69,225.34,231.18,236.05,239.91,242.47,244.83,246.09,247.04,247.56,247.25,244.14,244.94,248.21,246.38,242.95,243.28,241.19,239.93,242.88,242.39,238.79,237.76,237.97,240.99,239.72,240.3,243.89,243.88,243.5,244.93,246.53,246.04,246.93,249.59,253.25,253.67,257.15,259.33,262.26,262.28,265.18,268.52,270.98,272.59,271.04,274.52,278.06,279.1,279.11,279.81,281.24,281.69,284.5,287.32,289.36,291.81,294.56,297.41,299.66,303.34,307.11,315.51,326.09,333.38,341.62,357.27,358.83,355.66,355.03,359.74,357.61,356.16,361.84,363.3,363.06,364.78,367.17,373.46,373.5,379.46
Massachusetts,Northeast,https://flagcdn.com/us-ma.svg,MA,67.42,66.55,66.93,70.47,67.52,68.74,68.85,69.71,72.39,70.26,73.87,73.43,78.31,79.82,84.66,87.22,90.67,93.78,97.13,98.01,100.0,103.97,108.3,108.51,112.52,118.67,121.42,121.29,123.39,124.35,126.43,127.78,130.04,135.81,142.74,148.09,156.2,164.44,174.35,180.5,190.07,204.47,217.43,231.77,241.13,253.11,265.47,278.14,287.62,294.83,303.59,306.01,309.51,314.53,313.63,315.84,313.18,311.12,315.71,316.5,312.52,303.55,298.39,291.25,288.28,285.35,282.04,284.68,283.78,280.31,281.88,282.55,280.59,282.35,283.35,285.06,285.21,282.33,282.04,279.61,281.39,286.63,291.33,292.93,296.52,296.95,298.29,302.13,304.77,309.34,313.8,318.57,322.9,329.67,337.94,342.88,349.82,361.22,376.22,385.02,401.28,414.32,429.44,439.85,451.61,465.36,480.87,490.68,504.93,523.52,538.85,551.05,561.94,571.05,581.81,606.64,616.87,631.41,661.87,672.89,687.36,703.64,714.82,719.74,720.44,711.55,706.32,708.28,702.86,692.75,679.1,679.12,675.7,654.19,637.89,638.71,639.02,623.22,612.59,613.65,609.93,608.11,611.7,611.45,602.58,595.59,598.78,599.51,595.72,593.94,597.99,600.86,602.64,607.78,614.48,617.57,621.57,635.33,642.43,646.77,652.55,660.31,671.0,674.99,682.12,691.69,704.12,710.52,713.95,732.53,743.12,749.05,757.33,771.65,781.28,782.07,791.37,803.28,812.56,820.08,828.59,837.12,851.98,869.02,888.1,935.62,984.48,1006.97,1032.44,1098.06,1106.51,1091.65,1106.56,1144.65,1168.58,1177.52,1195.72,1232.41,1240.86,1249.97,1262.23,1290.09,1295.18,1303.96
Maryland,South,https://flagcdn.com/us-md.svg,MD,61.47,62.43,64.88,66.99,66.94,69.77,70.44,71.59,72.13,73.44,76.48,76.89,81.85,83.01,85.71,88.03,91.1,94.57,96.66,98.21,100.0,102.96,104.74,107.35,110.28,112.64,111.21,114.26,106.45,107.95,106.04,110.8,113.15,115.39,116.46,117.87,118.45,122.51,123.96,124.5,126.43,128.32,130.63,131.04,133.54,137.35,140.86,144.54,148.64,152.82,159.44,162.19,167.6,173.64,179.2,183.41,187.87,192.76,196.29,199.54,201.83,202.5,203.52,202.31,203.68,205.86,205.26,209.3,210.05,208.71,210.67,211.35,210.77,211.44,212.15,212.99,213.38,211.3,209.38,207.51,207.6,210.28,212.79,214.37,216.92,214.54,212.78,215.32,216.13,215.12,216.94,219.4,222.14,221.92,223.28,225.46,227.88,228.78,230.77,233.33,237.79,240.4,244.8,248.7,254.38,259.35,266.2,270.52,277.25,286.36,295.27,301.33,307.09,313.73,323.31,340.72,350.19,366.64,393.55,407.14,425.22,451.09,474.54,493.56,507.18,517.68,524.61,531.46,533.36,534.21,526.56,523.7,515.69,497.91,477.65,470.47,465.71,447.71,436.67,429.05,425.71,420.51,425.81,421.83,409.05,400.89,406.87,408.89,403.01,399.06,404.42,405.93,405.98,409.62,411.24,411.92,413.16,419.72,422.5,426.18,428.78,431.75,431.48,432.66,436.43,441.05,446.83,448.38,445.95,454.23,457.74,460.58,463.21,467.41,468.07,466.13,470.88,478.94,483.85,485.59,490.87,495.42,501.81,511.08,522.65,547.04,568.91,581.44,597.26,624.74,625.65,621.63,627.56,650.52,657.6,653.97,667.8,683.65,689.58,696.1,697.84,710.93,712.24,715.91
Maine,Northeast,https://flagcdn.com/us-me.svg,ME,59.26,86.73,70.35,70.28,55.67,72.57,82.02,69.27,73.29,79.0,81.53,86.76,81.12,91.7,89.57,92.96,102.94,101.26,96.3,103.7,100.0,102.8,107.81,102.03,122.89,111.6,106.67,115.19,103.19,112.1,106.28,111.02,111.91,117.28,123.0,128.56,129.64,136.18,140.35,137.05,143.34,147.65,153.43,161.25,164.13,170.05,177.14,185.07,192.65,200.5,210.26,217.92,222.52,225.11,232.18,233.79,234.49,237.71,239.83,242.33,239.17,234.49,230.49,232.65,226.62,229.74,225.79,228.35,229.65,224.92,225.84,227.35,223.78,227.18,225.27,227.55,227.16,222.06,220.17,216.49,218.55,222.0,226.04,226.21,231.39,228.78,227.92,231.6,230.27,232.51,235.94,239.36,242.66,244.42,247.58,251.17,253.53,258.8,264.5,266.69,272.54,280.07,286.27,292.22,300.52,306.15,315.46,320.32,327.48,337.54,347.22,353.59,360.17,365.43,375.92,390.03,399.01,410.36,429.98,439.16,451.87,462.09,474.09,481.63,485.85,483.23,486.05,493.65,496.88,493.52,490.39,496.52,498.67,490.38,479.18,476.04,480.36,469.71,458.93,453.72,451.25,445.39,450.47,451.53,444.45,436.31,440.19,443.15,438.38,433.28,434.64,435.65,438.71,440.2,437.21,435.58,437.02,441.0,448.57,446.61,452.45,455.27,457.43,460.58,464.33,468.58,478.66,482.8,486.67,490.13,499.94,505.5,511.5,520.25,527.1,529.48,534.3,546.81,554.11,561.72,566.71,575.41,588.54,609.87,628.3,667.81,714.73,736.87,762.14,818.54,835.71,838.04,850.78,895.29,921.98,908.16,929.01,958.15,971.7,977.19,988.98,1014.46,1023.59,1031.02
Michigan,Midwest,https://flagcdn.com/us-mi.svg,MI,60.26,62.58,63.34,62.27,63.24,64.27,64.28,65.72,67.55,68.18,71.22,72.71,75.62,79.54,83.06,86.78,91.37,96.04,99.13,99.43,100.0,101.87,102.74,101.85,103.15,103.29,106.45,105.44,104.46,99.62,94.45,87.64,96.56,97.07,97.22,95.2,97.52,97.13,97.2,97.41,99.62,100.76,102.65,103.76,105.34,108.72,112.0,114.45,117.44,121.41,123.96,125.99,127.87,131.08,133.24,134.38,136.41,139.25,142.56,143.12,145.24,147.52,148.45,148.83,150.61,152.63,153.85,155.75,156.97,157.99,159.17,160.39,161.0,162.25,163.69,165.09,166.91,169.74,173.01,175.18,178.32,181.8,185.1,188.2,190.9,196.18,200.73,203.37,206.88,211.32,214.97,218.04,220.49,224.7,228.41,230.55,234.22,239.31,244.07,247.11,252.74,256.3,260.85,264.58,268.74,272.23,275.83,278.1,281.53,284.65,287.27,289.11,291.3,293.54,296.15,300.47,302.52,304.57,308.75,312.11,314.75,316.49,319.06,318.32,317.11,311.87,309.43,310.96,308.53,302.78,293.13,291.94,291.12,279.11,267.86,265.03,270.59,260.06,248.36,243.99,239.16,235.36,239.4,238.87,229.1,225.27,229.86,231.66,227.12,226.03,230.53,233.72,236.23,241.19,246.62,248.58,250.85,258.37,264.2,266.35,267.59,273.31,277.97,279.13,281.5,287.48,293.05,295.17,298.69,306.87,312.87,314.68,318.69,326.45,331.67,332.35,336.73,343.58,347.81,350.29,353.62,357.34,365.32,372.87,380.8,401.9,422.71,431.95,443.54,471.17,476.28,470.07,473.09,496.24,505.04,506.89,512.27,533.06,540.81,540.88,547.58,561.18,568.45,570.97
Minnesota,Midwest,https://flagcdn.com/us-mn.svg,MN,55.97,56.21,58.29,60.58,62.88,62.16,63.38,64.56,66.58,68.85,73.0,74.89,76.41,82.1,85.35,87.45,91.17,94.52,97.24,99.32,100.0,102.54,106.41,104.49,100.97,99.88,103.6,106.07,89.25,91.63,98.45,105.71,109.35,111.44,111.19,109.0,113.16,113.3,115.09,115.47,116.39,117.9,115.08,119.58,120.88,120.04,123.7,123.55,126.46,128.67,130.02,129.21,131.39,133.19,133.22,134.0,134.43,136.28,138.29,139.02,139.04,139.06,139.82,139.83,141.79,142.86,143.25,145.75,146.49,147.28,149.03,149.95,151.27,152.72,154.68,156.31,157.23,160.01,161.32,161.82,163.41,166.5,169.47,171.61,173.97,175.15,176.88,178.84,181.06,182.96,186.31,188.9,192.09,193.46,197.44,199.76,203.02,209.1,215.72,218.54,224.84,231.43,237.2,241.76,248.2,254.86,262.56,266.07,271.62,278.9,284.89,289.29,293.3,296.69,303.62,314.58,318.38,324.6,335.54,340.44,347.08,354.1,360.63,364.67,366.45,364.48,364.8,368.67,370.67,366.66,358.99,357.67,359.16,348.12,337.57,336.58,342.54,332.58,319.18,314.91,310.25,307.39,314.3,310.16,297.27,290.51,294.19,297.16,291.68,289.76,294.41,297.66,298.82,304.38,310.7,310.99,312.84,320.74,323.93,324.93,325.89,332.74,337.68,338.5,340.54,348.16,353.59,355.41,358.88,369.32,374.44,375.78,381.05,389.86,394.53,393.73,398.58,406.06,410.66,413.06,416.98,420.36,429.18,436.95,443.83,467.39,489.78,498.17,509.04,540.9,539.7,530.58,534.51,556.37,558.73,552.85,560.08,575.8,580.65,580.63,582.9,597.1,600.51,599.8
Missouri,Midwest,https://flagcdn.com/us-mo.svg,MO,65.32,73.52,65.57,65.03,67.13,77.25,69.17,69.38,71.46,81.71,77.52,79.97,82.75,92.82,89.83,90.92,95.83,102.59,98.36,100.41,100.0,110.41,104.64,105.31,103.68,104.07,103.27,102.24,103.33,101.74,103.69,104.13,105.4,108.11,111.48,112.89,113.09,115.26,118.86,118.96,120.11,123.42,125.33,126.26,127.29,129.3,131.81,133.94,135.78,138.72,140.28,140.76,140.64,142.72,143.57,143.63,143.49,145.1,146.01,146.64,146.71,146.48,146.77,145.61,147.21,148.01,148.43,150.0,150.84,151.23,152.3,153.22,153.35,154.28,155.41,156.74,158.4,161.31,163.72,164.1,166.28,168.07,170.47,171.97,173.45,175.8,177.11,179.14,180.78,182.44,184.7,186.45,188.25,190.04,192.26,193.95,196.43,199.54,201.76,203.74,207.63,210.19,213.58,216.18,219.84,223.15,226.42,228.66,232.36,235.41,238.36,241.26,243.35,245.08,248.09,253.72,256.76,260.15,266.14,269.71,274.26,278.37,283.27,286.45,289.16,289.62,292.28,295.76,297.12,297.48,295.87,297.13,297.45,293.43,288.54,289.18,291.59,286.81,280.21,279.0,276.75,274.91,277.85,276.02,269.04,264.86,268.52,269.89,267.57,264.95,267.9,268.19,267.0,267.97,268.07,267.63,268.09,272.79,275.04,277.39,279.71,281.98,284.69,287.69,290.05,293.82,298.55,299.88,301.21,307.41,310.99,313.51,318.03,323.0,326.2,329.13,332.0,338.12,342.07,346.63,350.67,353.15,359.93,366.99,374.5,397.27,414.64,426.64,441.38,469.73,475.04,473.55,480.31,499.1,506.26,507.42,513.4,529.45,533.32,537.67,544.63,554.54,557.63,559.57
Mississippi,South,https://flagcdn.com/us-ms.svg,MS,74.63,72.04,72.18,73.26,72.59,73.71,72.03,77.67,74.96,77.12,78.03,86.69,85.58,84.76,92.28,92.31,99.02,99.52,106.37,94.73,100.0,98.47,105.03,103.85,94.13,114.08,107.88,93.17,103.21,104.29,108.93,107.93,112.34,112.54,110.52,114.72,118.14,115.29,112.52,114.02,119.85,121.92,122.44,122.27,123.64,125.59,123.86,124.49,125.97,125.79,124.06,122.64,121.82,123.68,121.82,123.86,119.33,123.43,125.86,124.48,126.14,124.19,125.49,124.23,127.19,125.93,126.17,129.41,131.23,131.25,132.18,132.7,133.24,135.38,137.14,138.14,140.29,142.43,143.86,146.19,146.31,149.38,151.7,153.41,154.4,154.95,158.05,159.09,159.51,160.76,163.24,165.52,167.6,170.23,171.63,173.49,175.68,178.11,178.95,178.78,180.63,181.96,184.63,186.03,190.82,191.93,193.86,195.46,196.09,195.48,199.06,201.07,202.4,203.94,204.97,206.5,208.54,210.94,213.56,216.49,217.88,222.19,226.74,232.05,235.6,242.62,247.33,251.82,255.72,255.62,255.8,259.2,259.57,257.53,252.87,255.21,256.1,253.55,248.63,247.38,244.47,241.45,244.22,242.53,237.25,237.27,239.53,240.95,238.38,237.06,239.38,237.86,238.24,237.54,238.28,236.52,238.71,239.13,241.5,244.42,246.12,246.5,249.19,250.79,251.66,253.19,254.3,258.58,258.41,258.8,261.45,262.45,265.17,265.04,266.47,268.49,271.62,274.98,278.32,279.56,283.56,284.06,288.42,293.4,297.6,308.29,325.21,334.45,343.76,358.12,372.0,372.9,372.31,377.41,380.91,393.46,387.14,398.97,408.7,407.39,413.1,415.66,419.81,425.13
Montana,West,https://flagcdn.com/us-mt.svg,MT,53.86,54.07,56.51,54.51,56.8,62.04,61.35,62.19,63.18,68.36,72.75,76.39,86.22,85.3,86.22,89.24,90.69,96.33,91.94,98.81,100.0,90.73,103.24,97.47,91.18,97.33,100.15,95.63,100.04,107.4,94.8,108.22,94.33,100.22,105.47,109.38,117.64,116.38,109.95,109.95,110.42,105.57,111.1,113.55,112.34,109.39,110.9,110.55,105.58,107.99,106.56,100.51,104.97,104.59,108.68,108.22,106.32,107.14,109.94,110.47,109.36,111.38,116.02,116.25,114.69,118.29,119.94,124.78,126.62,128.59,132.25,136.42,138.69,142.69,145.28,150.14,152.46,158.73,162.44,163.9,165.51,169.31,172.78,173.94,176.18,178.23,180.36,181.1,181.67,182.44,184.64,188.07,189.43,189.29,190.78,192.85,192.56,194.94,197.05,196.64,199.41,201.05,204.01,206.77,210.86,213.39,215.44,216.91,221.66,223.67,228.08,230.15,232.63,237.32,242.59,248.89,253.2,259.49,268.53,274.66,281.98,292.74,301.58,311.41,317.79,327.77,335.93,342.35,348.76,353.35,356.98,359.39,363.01,361.0,355.27,358.83,360.36,355.4,347.19,345.02,338.32,334.79,338.95,337.9,327.49,326.48,327.94,329.44,331.08,330.45,333.44,338.11,340.9,343.56,348.33,349.35,353.18,355.24,363.1,365.16,367.27,373.15,376.12,380.3,383.59,385.37,391.35,393.84,400.86,404.26,412.5,413.9,420.57,429.58,434.3,439.12,441.66,450.5,456.7,462.93,469.38,470.48,483.77,499.64,515.64,556.95,598.03,624.93,652.38,699.62,711.74,712.69,711.28,740.5,741.25,747.02,757.33,778.5,775.81,790.54,796.53,801.55,811.2,806.49
North Carolina,South,https://flagcdn.com/us-nc.svg,NC,66.01,67.13,69.34,70.65,69.39,70.25,71.02,70.9,76.01,74.16,77.06,80.79,82.9,83.15,86.49,87.53,90.24,91.75,96.28,96.42,100.0,99.12,101.25,102.63,106.29,106.24,106.24,104.51,106.72,109.89,107.52,112.33,112.98,111.48,114.33,115.63,118.33,122.49,121.82,125.2,128.03,130.38,133.32,134.98,136.22,138.88,141.31,143.1,145.81,147.34,149.89,150.8,151.98,154.38,155.91,156.46,156.89,157.95,160.64,161.09,161.4,161.88,163.29,163.07,164.2,165.34,165.74,168.02,169.12,169.44,171.52,172.3,172.77,174.26,176.08,177.52,179.17,181.93,184.41,186.59,188.08,190.78,193.95,195.86,198.16,199.88,202.34,203.94,206.47,209.11,211.92,214.9,217.7,219.19,222.45,224.59,226.48,228.88,230.2,231.28,233.38,236.31,239.32,241.9,247.21,249.37,251.39,253.67,255.22,256.34,259.88,261.61,263.79,265.51,266.89,269.26,272.37,274.83,277.64,282.47,287.05,290.79,297.34,303.62,308.47,312.72,318.06,323.93,328.94,332.06,333.41,335.95,338.82,338.1,334.12,333.99,337.79,332.04,324.37,320.49,315.21,312.72,314.7,312.95,305.95,299.79,301.24,302.29,298.11,294.56,297.58,298.81,298.19,299.62,300.29,299.43,300.95,305.08,308.01,309.25,314.16,317.74,320.31,323.11,327.04,331.9,338.5,340.14,341.36,351.57,356.42,358.16,364.48,372.81,377.64,380.27,386.22,393.11,397.74,402.8,408.75,412.37,420.17,430.51,441.36,467.48,499.03,521.44,546.78,590.82,609.25,606.54,612.71,631.3,643.92,644.26,655.6,670.53,676.47,680.2,687.41,694.28,697.66,701.92
North Dakota,Midwest,https://flagcdn.com/us-nd.svg,ND,62.95,60.4,66.01,63.5,75.21,72.68,70.3,73.72,81.6,84.88,80.61,78.17,88.76,83.58,90.39,86.92,99.03,99.07,98.1,99.8,100.0,106.23,100.47,96.04,105.64,98.52,117.82,110.48,99.61,83.3,74.86,101.05,99.79,106.71,89.76,107.5,118.87,113.26,115.28,109.9,109.54,110.16,114.78,109.19,112.66,112.66,112.54,110.31,113.62,111.15,111.38,110.83,107.1,110.05,110.08,105.86,109.39,108.57,110.82,112.15,111.77,111.46,113.0,111.58,114.01,114.71,115.03,115.99,118.47,118.77,119.97,120.97,121.83,124.65,126.84,127.64,129.25,133.0,134.63,134.86,137.38,138.79,140.35,141.09,144.56,143.28,145.58,145.61,146.3,146.65,149.2,151.1,153.63,154.98,157.0,157.63,158.06,158.57,159.04,157.67,159.13,160.48,162.1,163.54,167.52,168.83,170.07,171.54,173.36,174.99,178.84,180.73,181.94,184.79,187.46,190.88,192.94,196.12,202.27,206.27,207.33,213.86,218.69,221.63,222.52,229.15,231.77,232.47,237.21,239.9,241.47,242.13,246.32,247.56,247.45,249.82,251.34,251.19,251.01,252.92,253.07,252.85,255.01,257.93,259.33,263.01,265.84,268.21,270.34,277.75,282.35,289.94,294.42,301.23,312.38,316.76,319.87,324.44,332.35,337.14,340.49,343.4,349.9,350.61,350.84,352.84,356.75,356.3,358.15,356.94,361.31,359.67,360.85,362.69,362.59,364.31,366.68,371.65,374.55,376.13,377.71,377.05,382.73,387.45,387.92,398.33,413.55,421.83,426.95,449.11,455.63,457.91,456.51,469.9,476.01,473.91,478.08,488.02,498.57,498.16,504.17,515.64,527.16,522.47
Nebraska,Midwest,https://flagcdn.com/us-ne.svg,NE,63.71,62.47,61.83,67.98,67.29,67.09,68.69,70.26,72.42,73.79,78.53,80.11,78.97,85.87,86.6,87.61,92.7,94.25,97.04,98.14,100.0,103.39,101.85,105.92,101.79,102.89,100.52,99.95,106.25,107.09,109.24,108.83,108.75,109.13,111.43,112.11,110.53,112.68,112.36,111.43,111.66,112.86,113.14,114.08,115.47,115.54,115.62,117.05,117.5,116.99,115.53,115.82,117.06,117.68,118.39,118.39,119.56,120.62,121.94,122.7,123.73,125.69,126.9,127.07,128.23,129.63,130.86,131.54,133.3,135.05,137.14,138.16,139.38,141.15,143.33,145.6,147.48,152.25,155.84,155.69,157.83,160.74,163.0,164.07,166.05,169.49,172.02,172.95,174.68,177.93,180.11,182.58,184.13,185.32,188.1,190.37,191.7,195.36,196.13,197.47,198.57,201.36,203.23,204.77,207.4,209.67,211.47,213.19,214.82,216.22,218.29,219.74,220.88,222.14,224.54,228.13,229.31,232.57,237.28,239.2,240.72,244.24,247.69,246.93,247.12,249.41,250.58,250.74,251.78,253.58,252.52,252.05,253.98,252.06,249.87,251.04,253.13,252.03,249.55,249.35,247.11,248.88,251.16,249.77,247.63,246.67,249.23,250.81,250.49,250.9,251.98,253.31,254.72,257.42,258.77,260.23,260.59,266.25,268.65,270.43,272.25,276.81,281.49,282.58,282.31,288.15,293.57,294.31,297.91,306.41,309.81,311.56,314.88,321.57,326.62,327.02,331.48,338.56,341.87,343.87,348.07,350.79,355.58,362.56,369.01,390.67,409.67,418.98,429.11,460.13,465.85,463.01,473.64,490.15,496.6,492.3,502.42,516.83,517.54,523.27,523.68,535.09,540.89,541.9
New Hampshire,Northeast,https://flagcdn.com/us-nh.svg,NH,63.82,62.1,76.24,55.44,69.93,72.53,60.1,71.47,70.11,66.8,69.49,74.52,75.53,75.0,83.55,84.69,89.03,93.81,95.19,95.16,100.0,96.74,100.88,97.45,96.9,99.36,98.37,105.2,104.94,104.18,106.1,105.43,107.71,110.58,114.42,116.6,120.57,126.14,131.67,135.91,139.97,150.19,157.82,168.01,175.95,184.24,192.87,203.73,209.22,217.99,220.31,224.54,223.72,226.38,226.28,226.26,226.59,223.28,227.32,227.61,222.98,213.41,208.56,201.54,198.96,195.88,191.58,191.94,192.2,187.84,187.05,187.18,185.57,187.61,187.9,188.5,188.95,185.62,183.03,182.32,182.94,185.6,189.45,191.92,192.84,192.07,194.54,195.61,197.03,199.71,202.16,205.23,208.18,212.2,216.0,219.85,223.09,229.59,236.7,241.13,250.55,259.09,268.73,276.11,282.36,292.03,302.21,307.65,316.06,327.19,337.34,344.97,350.35,355.79,365.05,379.45,385.03,395.37,412.84,420.98,432.19,442.5,453.0,458.26,461.88,459.33,457.55,460.49,459.09,456.01,448.65,448.11,448.37,436.84,421.63,419.99,421.56,409.52,396.4,394.08,390.32,387.56,391.98,389.71,381.03,374.22,376.23,378.06,372.65,369.61,371.6,372.88,371.74,372.46,376.85,376.77,380.71,383.27,389.19,390.98,394.33,400.57,405.38,405.92,409.1,414.77,421.89,424.42,426.94,436.65,444.53,447.93,454.55,463.6,470.18,472.14,477.13,486.27,493.37,498.93,505.72,513.12,525.28,540.46,556.69,590.32,625.5,644.7,663.86,710.14,724.63,721.6,735.4,767.18,785.13,786.12,802.11,834.7,843.42,844.83,859.45,882.45,888.64,892.33
New Jersey,Northeast,https://flagcdn.com/us-nj.svg,NJ,64.79,59.25,60.26,63.02,62.78,63.48,65.88,62.32,65.1,65.29,67.63,69.45,71.25,73.25,76.5,79.59,85.07,86.97,91.48,93.95,100.0,101.59,100.7,103.76,103.81,105.67,107.51,105.68,105.06,108.93,109.05,109.53,110.04,113.68,117.56,120.84,123.75,130.09,134.8,138.09,142.04,148.37,154.87,161.75,167.68,177.87,189.04,198.91,209.9,221.01,229.7,235.11,240.0,246.24,246.9,245.97,245.7,245.03,246.36,247.04,244.01,238.77,235.54,231.54,230.51,228.84,227.47,230.14,232.09,230.06,231.9,233.3,233.18,234.8,235.37,236.82,237.4,235.24,233.16,230.37,230.27,232.72,236.7,237.22,240.38,238.56,238.01,237.87,239.67,240.57,243.3,245.69,250.19,251.03,253.67,255.61,258.72,262.27,268.74,271.63,278.77,285.47,293.82,298.26,305.07,313.73,322.77,329.19,338.69,351.33,363.04,371.46,378.28,384.99,396.7,416.77,425.45,438.8,468.2,480.18,494.57,515.94,535.85,552.13,562.73,569.41,572.83,575.74,576.52,572.95,565.74,563.4,559.7,543.66,528.05,522.49,521.12,504.22,491.57,487.8,485.16,481.4,484.68,483.63,472.2,462.75,461.22,461.37,454.96,448.93,451.48,452.41,452.35,453.04,453.45,454.48,456.71,461.8,466.1,468.09,472.09,475.64,476.67,477.25,480.05,485.84,490.65,492.3,487.15,495.13,501.69,502.91,505.86,510.41,514.05,514.57,518.66,526.6,534.49,538.15,542.98,548.19,557.89,569.64,583.71,611.41,641.3,661.85,682.18,727.0,740.73,740.03,746.7,779.66,802.61,815.44,830.85,859.39,873.77,885.8,901.24,919.92,927.85,939.31
New Mexico,West,https://flagcdn.com/us-nm.svg,NM,58.18,58.87,59.61,55.93,59.68,61.49,64.19,65.62,69.96,70.03,73.26,76.55,76.91,78.67,81.74,83.97,89.78,92.31,94.08,95.92,100.0,98.33,99.88,105.06,101.11,112.26,114.5,117.99,107.14,116.87,130.32,123.1,129.25,121.72,123.53,125.44,124.54,120.64,126.81,126.95,126.74,126.75,128.44,127.98,130.35,132.94,132.55,133.4,135.03,133.9,132.27,130.85,130.79,130.66,131.11,130.22,130.84,131.14,133.45,135.26,132.39,133.7,134.88,135.48,136.25,137.74,138.52,140.69,144.21,145.11,145.95,148.34,150.17,153.75,156.8,159.61,164.29,169.55,173.32,175.8,176.95,181.45,185.04,186.42,187.51,187.38,186.88,188.04,189.37,190.26,191.25,193.37,194.55,194.4,196.05,198.09,198.13,197.99,197.61,198.37,199.04,199.67,200.96,202.0,206.91,208.45,209.73,211.22,212.38,215.35,218.47,220.53,223.26,225.82,228.59,233.53,236.16,241.2,247.34,252.48,257.56,268.95,279.2,287.56,295.98,306.87,314.2,321.73,326.37,329.13,329.82,331.04,332.23,328.43,320.48,319.61,322.54,313.82,307.55,305.09,304.43,298.97,300.91,297.88,290.28,284.83,286.08,287.14,282.34,280.15,282.53,282.61,283.87,283.73,283.39,284.65,283.58,285.79,288.45,288.92,290.07,291.07,294.23,293.38,295.15,299.95,301.59,306.06,304.83,307.69,313.18,314.14,315.57,320.54,323.58,325.95,328.14,335.87,341.4,344.2,349.45,353.48,360.5,368.2,378.76,394.41,416.49,431.19,444.86,468.34,478.32,483.03,484.89,496.17,510.23,507.99,515.48,527.09,533.12,538.25,540.7,552.46,552.75,553.22
Nevada,West,https://flagcdn.com/us-nv.svg,NV,53.17,43.98,54.1,53.4,48.59,56.44,60.86,62.13,62.07,63.45,71.26,69.86,75.95,80.87,86.05,90.14,92.44,99.1,100.96,98.79,100.0,102.82,106.52,103.77,108.38,117.68,117.26,116.03,120.82,121.27,121.12,123.5,120.01,119.81,121.09,115.28,121.41,119.16,114.36,117.68,119.08,117.44,119.12,120.34,123.73,124.59,125.31,124.78,127.72,127.14,127.03,125.99,127.28,128.33,129.83,131.48,131.67,133.86,137.46,139.42,142.06,144.45,148.13,149.65,153.01,153.94,154.71,158.32,159.57,159.06,161.91,162.85,162.86,164.18,165.41,166.28,166.63,167.3,167.9,167.62,168.91,172.64,175.21,176.42,178.34,177.69,177.55,179.6,180.54,180.89,183.46,184.63,187.08,187.23,188.06,189.36,189.84,189.56,190.83,191.06,192.75,195.18,197.06,199.87,204.38,206.97,210.82,213.48,216.58,220.09,224.9,227.47,231.52,236.11,242.88,257.38,270.99,295.69,333.23,346.09,360.0,378.9,392.48,407.02,416.13,417.0,418.48,417.08,414.47,405.93,392.26,382.26,361.16,331.99,298.71,282.77,281.31,260.94,242.8,235.62,226.38,218.76,220.15,214.23,202.46,188.95,187.62,187.91,186.33,185.41,190.13,195.29,201.57,214.15,227.5,237.51,243.23,250.95,260.42,264.33,269.82,278.37,286.43,293.44,296.6,304.34,313.35,317.38,321.56,332.16,343.13,351.79,362.8,378.02,389.58,395.26,397.93,404.02,407.45,410.22,414.64,419.87,426.01,435.68,451.23,480.54,517.67,540.18,562.15,601.39,600.91,582.84,573.01,580.82,593.83,591.05,608.0,618.95,622.52,628.48,634.03,638.33,637.5,638.5
New York,Northeast,https://flagcdn.com/us-ny.svg,NY,78.05,75.59,77.64,79.18,72.53,74.52,75.4,73.68,77.81,82.6,82.15,84.58,83.16,87.28,83.68,83.56,96.73,95.72,94.62,98.14,100.0,107.03,114.63,110.99,111.98,107.83,115.19,113.8,123.08,124.83,121.83,125.86,128.3,132.29,137.57,146.83,150.11,156.13,161.72,168.45,175.33,183.73,190.01,197.66,205.45,216.36,226.15,236.28,245.73,254.37,266.03,269.92,276.35,279.71,281.86,282.71,282.55,281.98,284.93,285.58,285.54,282.38,280.79,277.76,277.29,279.22,278.27,280.59,285.83,281.82,284.97,287.05,281.74,288.36,287.46,288.58,285.17,281.37,279.84,274.68,273.24,278.09,282.61,281.83,286.55,284.83,282.81,282.5,282.56,285.99,288.46,291.3,297.94,300.02,302.4,306.53,308.85,314.41,323.4,329.4,334.19,344.21,354.21,359.61,367.74,375.95,386.23,393.03,402.63,415.35,427.93,437.21,446.99,457.87,464.88,486.63,496.94,511.63,536.24,549.72,564.51,583.39,602.23,616.04,627.06,628.86,628.17,636.46,639.61,637.44,628.16,630.13,633.49,621.6,605.24,599.51,606.65,593.5,579.65,574.36,570.82,567.05,575.12,574.88,566.25,558.22,555.55,559.86,555.68,549.94,551.74,553.53,554.2,555.67,558.25,557.25,557.57,563.1,571.17,574.23,579.72,584.56,589.28,590.22,593.25,602.68,610.92,616.21,617.67,627.32,639.99,645.54,652.8,660.34,671.02,671.28,676.74,687.97,698.03,705.39,712.0,717.88,729.63,745.71,763.39,790.62,830.28,849.0,870.62,919.05,937.84,933.21,934.26,969.25,1002.21,1003.45,1014.01,1052.36,1073.49,1082.46,1092.27,1129.01,1147.77,1150.44
Ohio,Midwest,https://flagcdn.com/us-oh.svg,OH,65.05,64.73,64.35,65.97,66.48,68.68,71.22,72.29,73.08,75.11,78.89,81.18,83.14,86.53,89.05,91.42,95.67,98.38,99.18,100.73,100.0,99.75,102.13,103.36,103.17,103.56,103.25,100.13,88.98,96.43,98.91,102.85,102.39,105.34,106.06,105.77,106.01,107.2,107.23,107.42,108.05,109.27,110.6,111.45,112.93,114.49,116.33,117.88,120.09,122.55,124.92,126.15,128.41,131.07,132.29,133.47,135.12,136.44,139.35,140.34,141.96,143.22,145.19,145.53,147.21,149.22,150.25,152.47,154.15,155.19,157.32,158.84,159.59,161.43,163.37,165.36,167.22,169.97,170.94,172.4,173.44,176.7,179.8,182.01,184.66,186.35,187.72,189.59,192.04,193.61,196.27,198.68,201.02,202.93,205.4,207.62,209.8,211.64,212.29,213.67,215.88,218.47,221.15,224.0,228.26,230.61,232.77,234.69,236.66,238.29,240.65,242.2,243.97,245.72,247.73,251.13,252.65,254.16,257.09,259.75,262.12,264.14,266.67,266.98,266.97,265.85,265.24,266.33,266.34,264.77,261.85,261.71,262.91,258.88,252.45,252.96,257.59,251.77,246.74,246.32,243.58,241.72,244.96,243.95,236.44,232.89,235.78,236.49,233.66,232.45,234.69,234.15,233.09,233.74,234.81,234.55,234.85,240.0,242.72,243.68,245.09,249.03,251.64,252.29,253.35,257.82,263.01,262.66,263.73,271.3,274.78,275.61,279.38,285.16,289.52,290.06,293.37,299.69,304.15,306.96,311.34,314.47,321.86,329.49,335.69,352.7,370.63,379.24,390.77,415.97,421.82,417.03,423.43,442.2,449.85,452.18,457.27,476.04,481.53,485.07,491.21,502.51,507.11,509.81
Oklahoma,South,https://flagcdn.com/us-ok.svg,OK,52.44,53.28,52.99,54.86,54.71,61.02,59.64,62.56,63.83,63.94,68.11,70.01,72.17,78.05,82.08,84.98,88.65,91.14,94.29,96.55,100.0,100.05,103.52,102.5,102.84,106.7,112.3,113.93,116.95,119.71,120.58,123.73,124.67,126.38,127.12,126.77,122.74,122.84,120.38,120.25,119.12,117.43,117.77,114.88,116.8,117.71,113.46,111.87,111.89,108.62,103.25,100.77,98.42,99.65,97.64,98.12,98.79,100.08,101.62,100.96,100.74,101.85,101.65,101.46,103.12,104.45,104.73,106.6,107.29,107.25,108.84,109.36,109.69,111.67,113.24,114.96,115.51,117.54,117.75,117.94,118.54,120.75,122.69,123.14,124.77,125.46,126.35,127.19,127.95,128.55,130.44,132.24,133.98,135.03,136.48,138.71,139.32,140.59,142.69,142.65,144.22,145.86,148.28,149.29,152.72,154.26,155.82,157.58,158.42,160.0,162.17,164.13,165.21,167.25,168.41,170.01,171.99,173.63,174.91,177.88,179.06,182.01,185.41,187.57,188.8,191.43,192.75,195.42,197.84,198.72,201.4,203.23,204.24,205.38,203.74,203.87,207.2,205.43,204.14,204.74,203.25,203.05,205.09,204.49,200.27,200.23,199.8,202.75,202.75,202.52,204.16,205.52,205.39,207.33,208.21,207.77,210.2,211.81,214.49,215.61,217.45,220.6,222.86,223.96,224.27,226.44,228.38,228.68,231.55,234.31,235.47,236.74,237.38,240.56,241.99,242.7,245.88,247.91,252.61,253.87,257.93,259.78,263.62,268.56,273.67,286.34,301.15,310.37,321.11,338.8,345.44,349.0,350.43,359.81,364.55,364.07,372.36,374.81,381.21,384.18,386.26,392.07,390.26,397.06
Oregon,West,https://flagcdn.com/us-or.svg,OR,51.63,51.08,54.63,53.53,57.21,57.06,60.29,63.91,67.29,69.1,74.3,78.1,80.03,84.84,88.36,92.35,95.79,96.05,98.42,100.5,100.0,98.74,105.72,102.21,96.26,98.91,97.37,89.38,96.47,93.07,95.94,102.14,98.97,100.48,99.37,98.37,98.85,97.74,96.36,99.69,97.97,98.03,97.27,97.64,98.27,98.93,99.72,97.97,100.25,100.74,99.69,99.08,101.09,101.71,105.4,105.95,108.19,110.84,114.17,116.9,121.12,127.34,132.12,134.42,136.76,139.9,142.36,145.26,148.34,150.15,153.82,156.7,158.86,162.03,165.82,169.29,173.56,179.69,184.01,187.13,191.32,195.99,200.82,204.19,208.18,211.23,214.65,218.19,221.69,224.39,228.99,231.8,235.28,236.51,238.96,241.18,242.36,243.75,244.49,245.4,247.96,249.57,251.93,254.74,261.62,264.06,266.44,268.74,272.11,274.09,278.78,281.0,283.89,286.54,290.62,297.97,301.75,310.79,324.55,332.12,342.13,360.44,380.46,397.1,411.28,428.05,439.32,447.53,452.67,457.77,455.48,457.09,454.41,446.31,431.85,425.5,422.97,406.72,392.6,385.51,378.7,373.15,373.28,367.65,352.34,342.05,345.11,348.51,342.4,338.84,346.13,351.85,354.49,364.24,374.43,378.89,384.35,397.02,403.9,408.2,414.61,428.75,442.14,449.27,459.03,475.77,490.2,497.72,503.03,518.83,527.99,531.15,538.58,551.98,558.03,559.12,565.5,574.86,581.78,587.22,592.96,600.54,611.04,627.68,648.58,691.45,733.66,753.37,776.85,819.83,814.78,791.82,790.16,808.99,813.96,801.46,813.22,830.52,830.32,829.8,834.74,845.57,845.4,846.32
Pennsylvania,Northeast,https://flagcdn.com/us-pa.svg,PA,71.69,69.94,74.43,72.08,73.23,77.02,78.06,75.44,75.53,80.81,81.18,84.46,84.08,87.81,86.79,87.89,92.43,97.54,97.08,99.46,100.0,96.69,102.04,101.94,102.03,104.42,105.16,101.92,104.49,104.63,104.88,105.69,109.05,110.96,113.47,114.26,114.13,117.43,119.15,120.06,121.65,124.79,127.24,128.95,132.02,135.71,140.36,144.98,149.76,155.79,163.49,168.97,172.51,179.63,184.5,186.09,188.41,189.8,193.97,196.35,196.63,196.96,197.54,196.82,198.33,199.88,200.09,203.64,204.72,204.39,206.31,207.61,207.3,208.74,209.5,211.38,211.28,210.06,208.38,206.81,206.18,209.57,213.23,214.46,217.16,214.75,213.83,215.21,216.62,216.52,218.59,220.9,224.39,224.87,225.68,228.75,230.27,230.95,231.9,233.01,235.32,238.76,241.31,244.14,250.52,254.5,257.84,261.16,265.14,269.85,275.36,280.11,283.3,286.99,293.0,301.51,306.87,314.88,327.92,335.2,342.15,353.88,365.51,373.12,379.78,383.96,388.25,392.93,396.33,397.97,396.15,397.83,400.74,395.74,388.92,388.39,392.3,386.51,379.28,377.91,375.45,373.5,377.94,377.0,371.15,365.97,366.53,367.92,364.9,363.16,365.12,366.15,366.39,367.5,369.0,368.18,368.11,372.79,375.5,376.2,380.22,382.69,384.5,384.84,386.53,392.4,396.7,397.65,398.37,405.67,410.53,411.67,416.25,421.87,426.15,425.98,430.86,439.11,444.9,447.81,453.65,457.78,467.29,475.38,486.96,508.57,532.95,544.44,559.54,588.29,597.9,597.29,603.87,621.69,634.03,635.28,645.13,665.64,674.26,676.21,687.65,703.41,710.43,713.64
Rhode Island,Northeast,https://flagcdn.com/us-ri.svg,RI,60.93,66.28,64.88,66.72,66.06,69.32,70.3,70.19,69.91,72.47,75.33,77.13,79.07,81.7,84.94,87.35,90.1,92.06,93.28,101.12,100.0,102.54,102.15,97.09,95.15,106.09,102.94,101.69,103.4,103.03,102.66,108.05,109.46,111.43,118.79,120.26,119.31,120.87,126.61,128.25,131.22,137.52,141.78,150.48,154.62,162.21,173.29,189.43,202.92,214.9,230.66,240.32,248.34,251.85,254.29,256.46,258.56,259.62,265.49,266.75,264.03,259.39,259.74,254.21,254.98,249.7,246.72,249.63,248.32,244.92,245.16,246.08,244.73,244.88,244.26,246.55,245.12,238.91,234.62,231.92,233.56,236.13,240.44,242.52,245.0,240.14,236.35,238.25,239.74,238.1,243.04,245.98,249.99,248.94,251.3,254.18,256.11,258.52,263.99,268.69,276.78,285.57,294.61,300.09,306.07,316.6,328.78,335.72,348.58,365.82,379.74,391.6,403.23,412.81,430.08,458.27,469.16,490.35,524.9,538.55,549.63,572.02,584.55,593.69,598.97,598.99,597.44,597.07,597.02,585.94,574.63,572.28,565.86,543.34,518.83,512.55,515.59,492.59,480.17,480.27,472.85,465.72,472.96,471.91,460.43,444.71,445.62,448.82,441.66,433.69,435.44,437.81,435.5,436.1,437.02,433.71,436.02,443.8,451.11,454.15,458.59,467.53,469.89,472.9,474.18,484.15,493.33,500.66,503.15,512.43,522.41,529.05,539.2,546.63,553.74,555.27,560.56,570.7,577.54,584.96,589.82,597.41,609.45,627.53,644.55,684.62,727.48,747.61,769.26,823.97,833.01,820.44,836.61,873.79,900.81,903.92,921.66,953.73,973.15,981.74,1001.32,1018.37,1022.1,1034.01
South Carolina,South,https://flagcdn.com/us-sc.svg,SC,76.04,69.45,71.81,70.15,70.6,78.66,76.62,76.06,75.66,78.64,81.06,83.35,81.73,86.34,87.78,89.3,93.81,95.73,97.26,101.3,100.0,103.7,108.21,107.14,111.61,115.98,117.63,115.97,119.1,118.25,120.09,119.15,123.65,121.15,124.03,120.74,127.26,125.57,123.62,127.8,130.65,131.07,131.93,132.18,135.49,136.51,138.37,140.51,143.13,144.49,144.58,145.42,147.78,149.96,150.92,151.57,154.07,154.25,157.63,158.07,159.46,161.05,162.32,161.32,163.16,164.73,165.74,168.35,169.25,169.52,172.02,172.65,172.89,174.55,176.68,177.44,178.39,179.57,180.33,181.02,182.5,184.78,187.25,189.55,192.07,193.0,194.5,197.23,198.45,201.09,204.41,207.09,210.23,212.36,215.44,218.34,221.44,224.45,226.75,228.64,231.0,233.87,236.6,239.95,246.14,248.97,250.76,253.75,255.17,256.64,260.64,262.89,264.33,267.05,268.62,271.17,274.18,276.64,281.89,287.13,291.99,297.14,304.7,311.18,315.66,321.15,325.83,333.89,335.78,338.27,337.95,342.46,344.84,342.94,336.77,337.82,341.91,337.62,327.61,323.79,319.58,314.6,319.27,316.71,308.36,300.82,303.17,306.5,301.26,299.93,302.09,302.24,301.7,302.6,303.02,302.31,303.34,308.46,311.93,314.33,320.09,323.6,326.53,330.19,333.22,338.6,346.61,347.34,351.3,357.38,364.28,365.9,374.26,378.73,383.83,385.4,390.88,399.08,404.44,408.22,413.97,417.23,424.68,433.11,443.13,468.33,494.74,517.67,541.43,576.76,596.82,601.37,604.49,622.6,641.79,646.98,653.09,670.03,676.88,685.32,693.99,698.87,708.35,710.79
South Dakota,Midwest,https://flagcdn.com/us-sd.svg,SD,74.55,69.28,64.65,63.46,62.48,64.74,68.3,68.51,62.71,70.11,79.04,80.13,76.62,83.73,85.83,83.93,89.15,90.47,98.9,90.07,100.0,106.48,97.63,94.3,91.82,98.03,103.52,88.41,68.33,109.9,105.88,117.85,100.53,120.53,98.08,98.13,112.81,108.61,117.41,106.05,109.05,108.14,112.38,112.47,116.14,117.42,113.22,116.63,120.07,118.08,117.33,118.5,114.58,114.87,117.82,115.89,120.11,116.69,121.1,118.57,119.04,124.71,125.24,124.56,127.27,130.8,129.37,132.01,135.59,135.76,139.58,141.3,142.73,146.44,149.15,151.32,155.2,157.23,158.81,161.69,159.61,165.29,166.28,169.32,172.08,171.64,173.76,172.82,175.81,178.8,180.36,182.94,185.66,186.5,187.93,187.87,190.78,193.1,193.99,194.96,196.41,200.07,203.47,203.64,208.08,211.11,212.83,213.9,216.85,219.75,222.33,223.65,225.69,226.9,231.01,235.88,236.32,240.85,245.68,249.14,252.42,258.29,262.45,266.46,266.2,270.72,275.15,276.25,279.36,282.13,284.01,286.37,289.41,289.9,289.52,291.45,294.23,293.01,289.74,288.37,286.61,286.23,291.07,291.12,289.34,286.8,289.9,291.63,291.59,293.08,294.58,298.37,301.24,302.48,306.51,307.95,307.46,312.54,315.33,318.17,321.15,325.09,328.57,332.42,334.96,337.88,344.45,346.56,349.37,356.96,361.66,362.85,367.85,371.84,376.93,380.71,382.76,388.79,393.36,398.29,403.58,405.33,410.85,421.23,426.82,455.7,481.24,498.73,514.87,549.99,560.86,560.83,564.07,577.57,588.98,591.01,598.8,606.66,610.33,614.93,618.52,631.48,633.93,637.83
Tennessee,South,https://flagcdn.com/us-tn.svg,TN,67.82,68.7,67.94,70.87,70.3,68.53,71.62,71.43,74.52,77.61,77.96,78.98,84.34,83.01,86.66,90.79,90.21,91.71,96.33,96.29,100.0,99.82,99.34,99.85,96.06,105.93,108.27,97.13,105.34,98.46,105.16,103.25,109.77,110.16,111.49,113.14,109.69,115.6,108.55,118.34,120.34,121.12,123.5,125.05,127.9,129.75,131.83,133.78,137.35,139.62,139.97,141.75,142.98,143.79,143.85,143.46,144.43,145.34,145.99,146.0,146.53,146.44,146.14,145.71,146.93,147.65,147.97,150.32,151.66,151.24,154.61,154.41,155.06,157.22,159.32,160.89,162.63,164.75,167.27,168.51,170.87,174.24,176.87,179.44,182.14,183.91,186.03,187.64,190.03,191.73,194.17,196.83,200.33,201.78,204.27,206.59,208.53,208.99,210.31,211.08,212.93,214.19,216.28,218.21,223.69,224.84,226.23,228.93,229.91,230.39,233.71,235.79,237.36,239.34,240.94,243.56,245.47,248.28,251.78,254.88,258.43,264.03,269.36,273.64,278.15,283.53,287.09,292.37,295.12,298.68,299.01,301.09,302.36,301.28,296.78,298.03,300.61,297.56,290.68,287.86,285.14,283.91,287.92,285.89,279.04,275.39,278.59,279.4,276.89,275.84,278.84,279.33,279.49,282.02,282.63,284.23,285.68,291.59,294.06,298.04,300.6,304.29,309.66,312.35,316.53,322.36,328.29,332.63,336.38,344.97,351.76,356.32,361.74,369.73,375.34,379.01,383.19,390.81,396.42,401.33,407.3,411.92,420.71,431.02,443.43,470.9,502.64,528.56,555.29,597.71,614.67,611.74,618.5,632.85,638.8,644.3,654.77,666.04,672.91,679.24,681.22,691.43,697.7,700.01
Texas,South,https://flagcdn.com/us-tx.svg,TX,55.99,58.5,56.48,59.28,58.74,63.59,63.21,63.09,66.05,71.74,69.44,73.45,76.66,78.99,81.25,85.33,89.5,92.88,95.18,96.94,100.0,104.51,103.92,105.71,104.54,111.11,114.34,112.15,122.54,119.01,117.91,120.75,125.7,125.77,125.64,126.31,125.12,126.34,128.77,128.08,126.74,127.84,127.71,126.6,129.49,131.67,128.91,126.6,126.91,123.03,118.34,114.81,114.82,116.62,114.07,113.2,113.46,114.4,116.64,116.36,116.18,117.01,117.84,116.91,118.39,119.61,119.75,121.12,123.14,122.7,124.77,125.28,125.65,126.79,128.27,129.48,130.11,130.29,130.4,129.77,129.7,131.93,133.52,134.38,135.73,135.47,135.8,136.28,136.89,137.92,139.26,140.9,143.16,144.16,146.49,148.07,149.46,152.34,154.86,156.68,159.01,161.65,164.09,165.98,170.7,172.93,174.22,176.17,176.68,178.18,180.96,182.86,183.73,184.91,185.5,186.63,187.52,189.42,190.97,193.15,194.17,197.33,200.49,202.85,205.19,208.5,211.58,214.49,217.22,220.89,221.66,223.35,224.54,225.16,224.47,224.83,227.48,226.02,223.8,223.18,221.82,222.01,223.39,222.35,219.1,218.03,219.88,220.07,219.94,221.49,223.43,225.07,226.69,230.82,234.57,237.37,241.28,247.41,251.9,254.92,258.66,265.09,270.69,272.99,276.93,284.0,289.81,292.71,296.57,305.37,309.77,312.52,316.79,323.66,327.89,328.84,332.84,338.68,342.66,345.21,348.94,351.61,357.0,365.05,373.79,395.61,420.69,437.9,458.34,489.48,500.68,494.28,496.0,501.14,506.88,503.89,510.5,516.7,518.39,522.06,524.34,526.32,526.74,527.87
Utah,West,https://flagcdn.com/us-ut.svg,UT,55.12,59.3,55.84,59.75,60.96,61.78,64.88,64.31,69.98,71.54,74.89,75.18,81.03,84.02,86.5,90.04,94.51,97.37,97.69,99.39,100.0,98.72,103.9,104.89,106.55,109.66,108.94,108.84,106.29,108.25,112.32,113.6,114.04,114.83,111.3,112.87,112.19,113.58,114.79,112.36,116.64,116.07,116.19,115.21,119.12,118.71,118.24,117.91,119.26,118.14,113.74,112.85,112.74,114.16,111.94,112.37,113.17,113.38,115.64,115.37,116.65,117.97,118.88,119.02,122.61,124.81,124.95,127.72,129.66,131.65,133.9,137.31,140.32,144.74,149.97,155.54,161.81,170.78,176.53,179.58,184.22,189.46,195.87,200.01,204.55,207.04,210.52,214.3,217.84,219.05,223.41,227.33,229.93,232.11,234.37,236.62,237.86,236.93,234.19,235.18,236.4,236.45,238.9,242.18,247.74,248.19,248.47,250.98,250.56,250.09,253.17,254.55,255.23,256.13,256.91,257.13,259.61,261.98,265.38,270.46,275.51,284.23,294.61,304.44,314.94,328.22,342.71,355.61,366.55,375.44,380.15,383.12,382.07,376.08,364.71,363.74,360.9,347.2,332.5,328.53,323.63,318.94,321.75,320.03,305.82,299.09,304.65,305.98,305.28,303.63,310.05,315.56,318.25,327.2,334.67,338.99,341.18,347.53,351.4,355.53,359.21,365.06,372.17,377.25,382.66,391.44,400.5,405.06,412.21,425.99,435.96,441.73,450.92,465.99,475.71,481.86,490.15,500.09,508.27,515.74,522.53,532.0,544.88,563.82,586.98,643.85,693.43,719.35,753.61,811.16,805.9,779.77,774.6,790.41,796.05,790.43,799.8,819.17,826.81,829.89,834.39,846.86,849.29,854.23
Virginia,South,https://flagcdn.com/us-va.svg,VA,69.68,66.76,67.34,67.73,69.32,68.5,70.55,72.13,73.07,75.08,77.28,78.9,80.41,83.28,86.07,89.22,89.24,91.49,94.47,95.26,100.0,101.19,104.26,104.16,105.97,105.34,106.0,109.6,97.68,109.37,103.73,112.62,115.26,117.84,118.71,118.77,121.3,123.16,124.77,124.19,127.35,129.44,131.26,132.01,134.35,136.8,139.79,142.21,145.23,149.27,156.53,159.97,164.63,170.21,174.3,177.85,181.06,184.93,187.59,188.97,188.88,189.16,188.59,186.5,187.57,188.16,186.69,190.01,191.13,189.41,191.77,192.45,191.89,193.01,193.38,194.43,194.66,194.49,194.14,193.83,193.4,195.75,198.04,198.8,200.97,200.35,199.52,201.19,202.54,202.9,205.09,207.09,208.74,209.72,211.29,213.36,215.78,218.53,222.28,225.23,229.05,233.78,237.93,241.95,248.05,253.8,259.45,263.05,268.2,275.72,282.79,286.67,291.01,295.73,302.82,315.1,323.12,335.56,356.89,369.36,384.03,405.8,425.34,437.2,447.08,455.32,458.31,464.7,466.78,467.92,461.96,460.85,458.42,445.41,433.1,429.57,431.28,420.5,411.13,408.03,402.61,399.91,403.94,401.76,392.33,387.4,390.7,393.48,389.13,386.53,391.36,392.95,392.49,396.19,396.84,396.79,398.16,404.42,407.32,410.72,412.84,416.34,417.86,419.75,418.92,425.89,429.96,431.76,430.92,439.67,442.1,443.82,448.31,453.73,456.31,456.52,461.92,470.9,475.93,479.44,484.7,490.09,498.5,507.69,518.31,542.12,567.23,580.69,598.74,637.06,645.3,642.75,651.77,674.58,683.81,684.91,698.7,722.1,727.24,733.64,741.57,755.55,759.37,764.26
Vermont,Northeast,https://flagcdn.com/us-vt.svg,VT,77.37,76.45,66.35,72.81,117.09,57.47,81.33,79.71,103.72,91.23,76.46,76.98,90.72,92.05,97.82,77.88,98.89,87.91,95.95,108.94,100.0,101.1,103.74,111.38,110.74,108.2,108.4,69.27,122.1,116.93,108.76,113.91,116.43,113.41,118.56,119.7,121.5,123.82,126.44,126.31,129.55,134.0,136.07,138.96,144.14,146.35,152.04,158.73,163.33,168.42,173.94,181.74,186.83,194.71,201.25,203.13,207.07,211.99,216.38,217.16,215.27,217.04,214.82,216.14,213.41,213.69,213.03,213.75,213.66,214.31,216.51,216.84,216.07,217.26,217.39,218.56,219.55,216.9,217.21,218.22,214.82,219.83,220.76,221.96,225.33,222.1,220.67,220.93,225.24,222.64,225.39,225.41,228.96,228.77,229.55,232.57,235.28,236.82,242.15,244.68,250.6,253.93,259.62,264.2,268.87,274.05,280.59,284.06,289.9,296.66,301.72,304.37,307.84,312.87,321.0,337.84,342.07,352.2,374.52,382.54,393.99,407.51,421.99,430.95,436.88,446.75,448.3,454.63,458.89,457.87,458.96,457.07,463.86,457.8,454.32,453.93,454.19,447.77,444.94,440.84,440.73,439.38,440.24,441.68,438.79,433.5,434.3,439.72,438.0,436.28,437.33,437.44,439.42,435.3,437.09,434.86,432.14,437.41,438.74,437.47,441.56,445.78,446.16,443.68,444.14,450.07,454.22,454.11,454.97,460.18,460.72,466.83,469.37,475.3,476.97,476.19,479.57,491.01,498.31,498.88,506.12,508.49,520.66,534.83,548.1,572.65,609.79,628.44,646.85,691.47,726.04,708.52,723.78,767.97,797.88,779.87,796.7,838.62,843.74,849.11,856.56,864.36,870.41,889.76
Washington,West,https://flagcdn.com/us-wa.svg,WA,46.45,47.4,49.86,48.36,50.4,53.55,56.65,57.77,59.66,63.03,67.33,70.77,74.35,79.72,83.94,86.86,88.93,93.88,95.87,98.0,100.0,100.18,103.42,101.82,99.37,103.93,105.15,103.61,86.69,93.5,93.68,103.39,104.61,104.69,103.92,104.82,106.7,107.42,109.26,110.02,110.47,110.82,111.54,112.17,113.54,114.15,114.71,115.9,117.04,118.04,118.86,119.64,121.89,123.71,126.24,127.81,132.2,137.81,144.39,153.0,164.12,173.39,176.29,177.5,181.8,183.48,184.18,188.06,188.95,190.69,193.27,195.28,196.16,198.27,200.97,203.24,205.71,209.57,210.91,210.44,212.42,214.75,218.03,219.77,221.72,221.99,223.17,225.08,226.58,229.56,234.3,237.41,241.98,245.48,250.1,252.89,255.31,259.71,262.69,264.74,269.42,272.11,275.8,279.31,286.09,289.97,292.92,294.87,298.49,302.08,305.77,308.37,310.9,313.56,317.47,325.48,330.44,340.29,354.52,362.64,374.3,394.31,411.75,428.89,444.32,459.62,473.3,483.37,492.11,497.75,498.99,501.78,500.4,490.57,475.89,470.99,467.27,447.37,432.63,426.77,419.36,414.52,414.37,407.05,393.33,383.36,384.56,384.89,378.7,375.36,382.3,386.87,389.59,396.72,405.07,409.01,413.33,424.35,433.64,437.9,443.82,456.97,469.68,477.53,486.97,504.54,519.78,526.99,536.46,557.35,573.82,582.43,595.97,617.01,624.23,625.6,634.31,647.25,655.6,663.04,674.5,684.75,700.45,719.01,740.57,796.69,843.57,871.44,908.71,970.67,961.05,930.3,930.89,956.25,960.98,953.66,970.41,997.45,1003.4,1001.2,1015.8,1028.85,1023.71,1029.58
Wisconsin,Midwest,https://flagcdn.com/us-wi.svg,WI,61.99,62.64,64.77,68.87,65.4,65.06,67.49,68.73,73.03,76.05,78.11,80.83,84.51,87.44,90.68,92.73,96.38,99.66,99.36,100.28,100.0,100.91,104.69,101.61,102.62,102.92,102.87,90.88,86.13,96.14,98.55,99.36,103.81,106.17,105.84,106.05,106.1,107.83,107.97,106.35,107.87,109.72,110.68,110.79,112.35,113.61,113.96,114.43,115.31,116.59,118.14,119.29,120.13,122.13,124.31,125.04,127.3,128.75,130.87,131.64,133.66,135.85,137.71,137.92,139.94,141.93,144.07,145.45,147.14,149.75,151.6,153.57,154.78,156.96,159.23,161.26,165.49,171.5,175.4,175.72,177.87,181.74,184.21,186.51,187.91,189.84,192.01,194.22,196.3,198.02,200.79,202.78,204.06,206.49,208.9,209.64,213.33,216.69,219.74,221.05,227.77,228.98,232.3,235.16,238.71,241.92,245.13,246.94,251.01,254.48,257.15,259.0,261.71,264.01,268.02,276.77,278.94,284.6,295.07,298.51,304.06,309.42,315.41,318.64,321.0,320.52,322.19,326.12,327.35,326.88,325.03,326.8,327.6,322.69,316.97,317.59,319.09,314.28,307.35,306.49,302.53,300.75,303.88,301.92,295.23,290.3,292.98,294.07,291.31,288.91,291.62,291.6,290.59,290.42,290.6,289.22,288.7,293.18,296.46,298.03,299.96,302.91,305.44,307.23,309.99,314.34,318.68,320.72,323.64,331.34,335.47,335.98,340.66,349.21,353.59,354.7,358.41,365.0,369.66,372.06,375.11,377.85,385.14,392.92,398.57,420.0,441.04,450.75,462.85,496.49,506.67,504.65,509.17,534.63,550.77,551.22,558.41,576.83,586.29,587.06,598.73,614.07,620.76,621.27
West Virginia,South,https://flagcdn.com/us-wv.svg,WV,51.78,64.26,70.21,66.38,62.26,67.73,69.46,63.86,69.84,78.69,72.34,83.74,81.37,83.87,82.33,86.66,80.54,89.14,89.74,93.01,100.0,103.6,103.8,117.5,98.1,94.87,109.87,118.22,71.46,104.9,83.65,86.76,98.86,92.23,94.12,92.42,99.04,93.52,94.56,88.1,93.03,96.41,93.73,89.45,96.13,97.07,96.79,99.48,97.96,99.74,96.4,98.59,97.0,100.71,99.83,98.24,101.52,101.64,101.84,102.25,102.06,102.54,105.53,104.3,105.15,108.28,107.27,110.04,110.31,111.95,113.5,114.8,115.47,117.13,119.46,119.98,122.35,123.85,126.18,124.81,126.48,129.63,131.66,132.2,134.23,135.18,135.11,135.42,135.77,138.88,138.98,140.96,144.15,143.97,145.97,147.79,148.18,147.95,148.46,147.34,148.54,149.73,151.03,152.06,156.68,158.13,158.81,160.42,161.37,163.25,164.59,166.91,167.18,169.14,171.4,173.11,175.7,179.07,182.79,186.03,190.14,196.01,202.91,205.95,210.04,207.99,210.48,213.3,214.38,213.99,214.1,215.8,216.11,215.6,212.15,210.09,213.35,210.74,206.34,205.64,205.58,205.36,206.21,208.11,203.59,200.41,203.72,204.99,203.36,203.52,204.51,205.35,204.78,206.13,207.78,210.0,209.09,210.7,212.45,212.75,212.65,217.84,216.64,217.47,218.63,220.13,220.8,221.69,218.8,221.36,222.51,225.97,225.23,228.24,227.69,227.46,228.21,231.58,233.63,236.42,237.48,239.87,244.53,247.39,251.91,258.72,272.05,279.15,282.96,296.91,300.76,298.81,305.11,304.19,317.41,320.07,319.79,334.01,336.34,343.46,343.81,344.72,355.42,359.57
Wyoming,West,https://flagcdn.com/us-wy.svg,WY,50.42,48.18,51.18,54.34,55.33,55.89,58.9,63.66,63.87,65.44,67.73,72.18,73.66,77.3,79.47,82.91,88.13,93.21,98.26,96.48,100.0,97.9,102.42,95.85,105.01,109.05,110.66,109.98,111.66,109.35,110.09,113.78,111.94,107.02,104.06,100.11,100.87,96.46,99.46,96.65,98.1,96.11,94.67,95.06,98.12,98.64,95.63,91.6,93.63,88.77,83.94,79.62,81.31,76.99,81.84,81.69,77.6,84.49,84.04,84.05,89.08,86.17,91.45,90.17,90.73,94.04,95.39,96.28,97.36,98.92,100.58,102.96,103.48,106.58,109.4,112.03,114.6,117.49,121.21,122.59,124.57,127.11,128.74,131.51,133.16,134.05,135.27,135.36,136.33,137.85,139.06,141.04,143.0,142.89,143.74,144.02,144.82,147.1,148.69,149.09,151.07,152.79,154.3,157.66,158.8,161.76,164.25,166.21,169.44,171.81,174.97,176.72,178.64,182.71,185.24,188.85,192.37,197.58,204.87,208.94,213.19,219.94,228.04,234.17,240.97,248.7,256.58,263.2,269.59,276.68,280.32,281.91,283.48,284.32,282.16,282.08,282.13,281.65,275.08,272.76,268.13,269.45,269.38,269.31,265.53,262.44,266.3,266.16,266.74,267.15,269.31,271.62,273.05,275.1,275.36,276.23,279.34,281.25,285.29,287.01,289.26,290.59,297.25,296.36,296.62,299.15,301.32,300.85,299.58,302.86,303.77,306.91,311.59,310.82,315.44,317.81,317.22,326.4,330.32,334.84,338.03,339.79,344.73,352.62,358.1,372.13,395.41,408.68,419.54,441.83,452.77,451.68,449.9,461.52,472.91,464.9,469.81,484.25,489.52,492.28,501.84,509.91,510.04,511.39
