Abbreviation,State,Year,Annual Change (%),Rolling Avg Growth Rate (3yr)
AK,Alaska,1975,,
AK,Alaska,1976,9.22,9.22
AK,Alaska,1977,7.88,8.55
AK,Alaska,1978,10.16,9.086666666666668
AK,Alaska,1979,11.11,9.716666666666667
AK,Alaska,1980,-5.28,5.329999999999999
AK,Alaska,1981,21.16,8.996666666666666
AK,Alaska,1982,24.77,13.549999999999999
AK,Alaska,1983,5.86,17.263333333333332
AK,Alaska,1984,6.78,12.469999999999999
AK,Alaska,1985,-5.5,2.3800000000000003
AK,Alaska,1986,-3.72,-0.8133333333333334
AK,Alaska,1987,-14.88,-8.033333333333333
AK,Alaska,1988,5.49,-4.37
AK,Alaska,1989,-9.89,-6.426666666666667
AK,Alaska,1990,1.62,-0.9266666666666667
AK,Alaska,1991,12.33,1.3533333333333335
AK,Alaska,1992,3.99,5.98
AK,Alaska,1993,1.39,5.903333333333333
AK,Alaska,1994,4.04,3.1400000000000006
AK,Alaska,1995,4.77,3.4000000000000004
AK,Alaska,1996,4.11,4.3066666666666675
AK,Alaska,1997,2.9,3.926666666666667
AK,Alaska,1998,2.37,3.1266666666666674
AK,Alaska,1999,3.64,2.9700000000000006
AK,Alaska,2000,2.28,2.7633333333333336
AK,Alaska,2001,4.92,3.6133333333333337
AK,Alaska,2002,4.46,3.8866666666666667
AK,Alaska,2003,3.32,4.233333333333333
AK,Alaska,2004,10.28,6.0200000000000005
AK,Alaska,2005,12.72,8.773333333333333
AK,Alaska,2006,10.0,11.0
AK,Alaska,2007,3.43,8.716666666666667
AK,Alaska,2008,-0.41,4.340000000000001
AK,Alaska,2009,-1.36,0.553333333333334
AK,Alaska,2010,-0.44,-0.736666666666666
AK,Alaska,2011,0.4,-0.4666666666666661
AK,Alaska,2012,0.22,0.0600000000000006
AK,Alaska,2013,2.6,1.073333333333334
AK,Alaska,2014,2.51,1.7766666666666673
AK,Alaska,2015,3.07,2.726666666666667
AK,Alaska,2016,1.86,2.4800000000000004
AK,Alaska,2017,1.34,2.0900000000000003
AK,Alaska,2018,1.45,1.5500000000000007
AK,Alaska,2019,2.07,1.6200000000000003
AK,Alaska,2020,2.31,1.943333333333334
AK,Alaska,2021,6.63,3.6700000000000004
AK,Alaska,2022,12.36,7.1000000000000005
AK,Alaska,2023,6.69,8.56
AK,Alaska,2024,4.9,7.983333333333334
AL,Alabama,1975,,
AL,Alabama,1976,8.21,8.21
AL,Alabama,1977,10.35,9.280000000000001
AL,Alabama,1978,7.9,8.82
AL,Alabama,1979,10.88,9.71
AL,Alabama,1980,5.15,7.976666666666667
AL,Alabama,1981,3.27,6.433333333333334
AL,Alabama,1982,-0.22,2.733333333333334
AL,Alabama,1983,5.19,2.7466666666666666
AL,Alabama,1984,5.97,3.646666666666667
AL,Alabama,1985,2.58,4.579999999999999
AL,Alabama,1986,4.86,4.47
AL,Alabama,1987,4.11,3.85
AL,Alabama,1988,2.56,3.8433333333333337
AL,Alabama,1989,1.73,2.8000000000000003
AL,Alabama,1990,1.66,1.9833333333333334
AL,Alabama,1991,2.44,1.9433333333333334
AL,Alabama,1992,2.69,2.263333333333333
AL,Alabama,1993,3.3,2.81
AL,Alabama,1994,3.42,3.1366666666666667
AL,Alabama,1995,4.17,3.6300000000000003
AL,Alabama,1996,3.36,3.65
AL,Alabama,1997,3.75,3.76
AL,Alabama,1998,3.82,3.643333333333333
AL,Alabama,1999,2.51,3.3599999999999994
AL,Alabama,2000,3.25,3.193333333333333
AL,Alabama,2001,4.16,3.306666666666666
AL,Alabama,2002,2.17,3.193333333333333
AL,Alabama,2003,2.31,2.8799999999999994
AL,Alabama,2004,3.32,2.5999999999999996
AL,Alabama,2005,6.88,4.169999999999999
AL,Alabama,2006,7.87,6.023333333333333
AL,Alabama,2007,4.13,6.293333333333333
AL,Alabama,2008,0.84,4.28
AL,Alabama,2009,-2.31,0.8866666666666663
AL,Alabama,2010,-4.4,-1.956666666666667
AL,Alabama,2011,-3.39,-3.366666666666667
AL,Alabama,2012,-1.52,-3.1033333333333335
AL,Alabama,2013,-0.56,-1.8233333333333335
AL,Alabama,2014,1.29,-0.26333333333333336
AL,Alabama,2015,2.32,1.0166666666666666
AL,Alabama,2016,2.66,2.09
AL,Alabama,2017,3.16,2.7133333333333334
AL,Alabama,2018,4.41,3.41
AL,Alabama,2019,4.59,4.053333333333334
AL,Alabama,2020,4.07,4.3566666666666665
AL,Alabama,2021,10.72,6.460000000000001
AL,Alabama,2022,15.94,10.243333333333334
AL,Alabama,2023,7.19,11.283333333333333
AL,Alabama,2024,4.47,9.200000000000001
AR,Arkansas,1975,,
AR,Arkansas,1976,9.29,9.29
AR,Arkansas,1977,12.25,10.77
AR,Arkansas,1978,7.73,9.756666666666666
AR,Arkansas,1979,15.92,11.966666666666667
AR,Arkansas,1980,6.42,10.023333333333333
AR,Arkansas,1981,4.62,8.986666666666666
AR,Arkansas,1982,0.59,3.876666666666667
AR,Arkansas,1983,9.0,4.736666666666667
AR,Arkansas,1984,2.27,3.953333333333333
AR,Arkansas,1985,1.74,4.336666666666667
AR,Arkansas,1986,3.22,2.41
AR,Arkansas,1987,1.13,2.0300000000000002
AR,Arkansas,1988,-1.22,1.0433333333333337
AR,Arkansas,1989,0.27,0.05999999999999998
AR,Arkansas,1990,0.99,0.013333333333333345
AR,Arkansas,1991,1.75,1.0033333333333332
AR,Arkansas,1992,2.54,1.7599999999999998
AR,Arkansas,1993,3.92,2.7366666666666664
AR,Arkansas,1994,4.94,3.8000000000000003
AR,Arkansas,1995,5.42,4.76
AR,Arkansas,1996,2.88,4.413333333333333
AR,Arkansas,1997,2.76,3.686666666666666
AR,Arkansas,1998,3.0,2.8800000000000003
AR,Arkansas,1999,2.2,2.6533333333333333
AR,Arkansas,2000,2.97,2.723333333333333
AR,Arkansas,2001,4.6,3.2566666666666664
AR,Arkansas,2002,2.7,3.4233333333333333
AR,Arkansas,2003,2.58,3.293333333333333
AR,Arkansas,2004,5.61,3.6300000000000003
AR,Arkansas,2005,7.25,5.146666666666667
AR,Arkansas,2006,5.91,6.256666666666667
AR,Arkansas,2007,2.5,5.22
AR,Arkansas,2008,-0.49,2.6399999999999997
AR,Arkansas,2009,-1.98,0.009999999999999712
AR,Arkansas,2010,-2.91,-1.7933333333333337
AR,Arkansas,2011,-1.64,-2.1766666666666667
AR,Arkansas,2012,-0.22,-1.5900000000000005
AR,Arkansas,2013,1.21,-0.21666666666666692
AR,Arkansas,2014,1.49,0.8266666666666663
AR,Arkansas,2015,2.28,1.6599999999999995
AR,Arkansas,2016,2.46,2.076666666666666
AR,Arkansas,2017,3.52,2.7533333333333325
AR,Arkansas,2018,4.21,3.3966666666666665
AR,Arkansas,2019,3.44,3.7233333333333327
AR,Arkansas,2020,2.69,3.4466666666666668
AR,Arkansas,2021,11.19,5.7733333333333325
AR,Arkansas,2022,16.47,10.116666666666665
AR,Arkansas,2023,8.8,12.15333333333333
AR,Arkansas,2024,4.51,9.926666666666664
AZ,Arizona,1975,,
AZ,Arizona,1976,3.92,3.92
AZ,Arizona,1977,8.94,6.43
AZ,Arizona,1978,15.56,9.473333333333334
AZ,Arizona,1979,22.41,15.636666666666665
AZ,Arizona,1980,11.55,16.506666666666664
AZ,Arizona,1981,7.9,13.953333333333333
AZ,Arizona,1982,-6.15,4.433333333333334
AZ,Arizona,1983,11.56,4.4366666666666665
AZ,Arizona,1984,4.43,3.28
AZ,Arizona,1985,4.21,6.733333333333333
AZ,Arizona,1986,4.81,4.483333333333333
AZ,Arizona,1987,1.57,3.53
AZ,Arizona,1988,-0.9,1.8266666666666664
AZ,Arizona,1989,-0.64,0.010000000000000009
AZ,Arizona,1990,-0.23,-0.59
AZ,Arizona,1991,2.09,0.40666666666666657
AZ,Arizona,1992,2.04,1.3
AZ,Arizona,1993,1.84,1.99
AZ,Arizona,1994,4.74,2.8733333333333335
AZ,Arizona,1995,6.52,4.366666666666666
AZ,Arizona,1996,4.17,5.1433333333333335
AZ,Arizona,1997,4.1,4.93
AZ,Arizona,1998,4.33,4.2
AZ,Arizona,1999,4.04,4.156666666666666
AZ,Arizona,2000,6.96,5.11
AZ,Arizona,2001,6.04,5.68
AZ,Arizona,2002,4.89,5.963333333333334
AZ,Arizona,2003,3.95,4.96
AZ,Arizona,2004,11.8,6.88
AZ,Arizona,2005,31.71,15.82
AZ,Arizona,2006,17.88,20.463333333333335
AZ,Arizona,2007,-1.18,16.136666666666667
AZ,Arizona,2008,-12.15,1.5166666666666664
AZ,Arizona,2009,-18.53,-10.62
AZ,Arizona,2010,-13.12,-14.6
AZ,Arizona,2011,-10.77,-14.14
AZ,Arizona,2012,4.32,-6.523333333333333
AZ,Arizona,2013,12.14,1.8966666666666672
AZ,Arizona,2014,10.34,8.933333333333334
AZ,Arizona,2015,5.64,9.373333333333333
AZ,Arizona,2016,7.03,7.669999999999999
AZ,Arizona,2017,7.51,6.726666666666667
AZ,Arizona,2018,7.77,7.4366666666666665
AZ,Arizona,2019,6.83,7.37
AZ,Arizona,2020,6.56,7.053333333333334
AZ,Arizona,2021,19.04,10.81
AZ,Arizona,2022,21.41,15.670000000000002
AZ,Arizona,2023,2.31,14.253333333333332
AZ,Arizona,2024,4.03,9.25
CA,California,1975,,
CA,California,1976,18.89,18.89
CA,California,1977,25.32,22.105
CA,California,1978,19.07,21.093333333333334
CA,California,1979,16.63,20.34
CA,California,1980,16.37,17.356666666666666
CA,California,1981,9.95,14.316666666666668
CA,California,1982,-6.72,6.533333333333334
CA,California,1983,9.76,4.329999999999999
CA,California,1984,3.1,2.0466666666666664
CA,California,1985,5.51,6.123333333333332
CA,California,1986,5.98,4.863333333333332
CA,California,1987,8.56,6.683333333333333
CA,California,1988,16.83,10.456666666666665
CA,California,1989,22.7,16.029999999999998
CA,California,1990,6.41,15.313333333333333
CA,California,1991,-0.58,9.51
CA,California,1992,-1.82,1.3366666666666653
CA,California,1993,-5.21,-2.5366666666666675
CA,California,1994,-3.16,-3.396666666666668
CA,California,1995,-2.72,-3.6966666666666677
CA,California,1996,-0.22,-2.0333333333333345
CA,California,1997,2.57,-0.1233333333333347
CA,California,1998,8.12,3.4899999999999984
CA,California,1999,6.56,5.749999999999999
CA,California,2000,14.1,9.593333333333332
CA,California,2001,12.07,10.909999999999998
CA,California,2002,10.51,12.226666666666665
CA,California,2003,9.91,10.829999999999998
CA,California,2004,20.85,13.756666666666666
CA,California,2005,25.97,18.91
CA,California,2006,10.46,19.09333333333333
CA,California,2007,-4.53,10.633333333333331
CA,California,2008,-19.76,-4.610000000000003
CA,California,2009,-15.19,-13.160000000000004
CA,California,2010,-3.33,-12.760000000000003
CA,California,2011,-5.94,-8.153333333333336
CA,California,2012,-0.27,-3.180000000000003
CA,California,2013,10.51,1.4333333333333307
CA,California,2014,14.06,8.099999999999996
CA,California,2015,5.78,10.116666666666664
CA,California,2016,7.76,9.199999999999998
CA,California,2017,6.44,6.6599999999999975
CA,California,2018,6.45,6.88333333333333
CA,California,2019,3.23,5.373333333333331
CA,California,2020,2.27,3.9833333333333307
CA,California,2021,12.69,6.063333333333332
CA,California,2022,15.93,10.296666666666665
CA,California,2023,1.96,10.193333333333332
CA,California,2024,4.37,7.419999999999997
CO,Colorado,1975,,
CO,Colorado,1976,9.33,9.33
CO,Colorado,1977,14.89,12.11
CO,Colorado,1978,19.05,14.423333333333334
CO,Colorado,1979,17.09,17.01
CO,Colorado,1980,9.53,15.223333333333334
CO,Colorado,1981,6.88,11.166666666666666
CO,Colorado,1982,11.61,9.34
CO,Colorado,1983,2.13,6.873333333333334
CO,Colorado,1984,0.25,4.663333333333333
CO,Colorado,1985,-0.23,0.7166666666666667
CO,Colorado,1986,2.11,0.71
CO,Colorado,1987,-1.12,0.25333333333333324
CO,Colorado,1988,-2.34,-0.45
CO,Colorado,1989,1.12,-0.7799999999999999
CO,Colorado,1990,2.41,0.3966666666666668
CO,Colorado,1991,3.32,2.283333333333333
CO,Colorado,1992,5.75,3.8266666666666667
CO,Colorado,1993,8.67,5.913333333333333
CO,Colorado,1994,10.0,8.139999999999999
CO,Colorado,1995,9.25,9.306666666666667
CO,Colorado,1996,4.83,8.026666666666666
CO,Colorado,1997,5.46,6.513333333333333
CO,Colorado,1998,4.76,5.016666666666666
CO,Colorado,1999,7.49,5.903333333333332
CO,Colorado,2000,13.34,8.53
CO,Colorado,2001,8.17,9.666666666666666
CO,Colorado,2002,4.21,8.573333333333332
CO,Colorado,2003,0.87,4.416666666666665
CO,Colorado,2004,3.02,2.699999999999999
CO,Colorado,2005,5.04,2.9766666666666652
CO,Colorado,2006,3.46,3.8399999999999994
CO,Colorado,2007,0.83,3.109999999999999
CO,Colorado,2008,-1.12,1.0566666666666658
CO,Colorado,2009,-1.62,-0.6366666666666676
CO,Colorado,2010,-4.15,-2.2966666666666677
CO,Colorado,2011,-3.25,-3.0066666666666677
CO,Colorado,2012,0.77,-2.210000000000001
CO,Colorado,2013,5.35,0.9566666666666658
CO,Colorado,2014,9.18,5.099999999999999
CO,Colorado,2015,9.62,8.049999999999999
CO,Colorado,2016,10.46,9.753333333333332
CO,Colorado,2017,8.73,9.603333333333332
CO,Colorado,2018,8.26,9.15
CO,Colorado,2019,4.78,7.256666666666667
CO,Colorado,2020,2.88,5.306666666666666
CO,Colorado,2021,13.03,6.896666666666666
CO,Colorado,2022,16.54,10.816666666666665
CO,Colorado,2023,2.21,10.593333333333332
CO,Colorado,2024,2.44,7.063333333333333
CT,Connecticut,1975,,
CT,Connecticut,1976,5.64,5.64
CT,Connecticut,1977,6.24,5.9399999999999995
CT,Connecticut,1978,18.48,10.12
CT,Connecticut,1979,21.0,15.24
CT,Connecticut,1980,5.84,15.106666666666664
CT,Connecticut,1981,8.1,11.646666666666667
CT,Connecticut,1982,2.24,5.3933333333333335
CT,Connecticut,1983,7.62,5.986666666666667
CT,Connecticut,1984,14.28,8.046666666666667
CT,Connecticut,1985,14.68,12.193333333333333
CT,Connecticut,1986,19.27,16.076666666666664
CT,Connecticut,1987,21.87,18.606666666666666
CT,Connecticut,1988,11.74,17.626666666666665
CT,Connecticut,1989,-1.57,10.68
CT,Connecticut,1990,-5.01,1.7199999999999989
CT,Connecticut,1991,-5.59,-4.0566666666666675
CT,Connecticut,1992,-1.72,-4.106666666666668
CT,Connecticut,1993,-2.85,-3.386666666666668
CT,Connecticut,1994,-2.05,-2.206666666666668
CT,Connecticut,1995,-0.89,-1.9300000000000013
CT,Connecticut,1996,1.1,-0.6133333333333345
CT,Connecticut,1997,1.13,0.44666666666666544
CT,Connecticut,1998,4.21,2.146666666666665
CT,Connecticut,1999,4.8,3.379999999999999
CT,Connecticut,2000,9.33,6.113333333333332
CT,Connecticut,2001,7.92,7.349999999999999
CT,Connecticut,2002,8.58,8.61
CT,Connecticut,2003,6.21,7.569999999999999
CT,Connecticut,2004,11.32,8.703333333333333
CT,Connecticut,2005,12.6,10.043333333333333
CT,Connecticut,2006,5.86,9.926666666666666
CT,Connecticut,2007,-0.01,6.1499999999999995
CT,Connecticut,2008,-3.65,0.733333333333333
CT,Connecticut,2009,-7.26,-3.6400000000000006
CT,Connecticut,2010,-4.08,-4.996666666666667
CT,Connecticut,2011,-3.62,-4.986666666666667
CT,Connecticut,2012,-2.98,-3.5600000000000005
CT,Connecticut,2013,-0.75,-2.4500000000000006
CT,Connecticut,2014,-0.08,-1.2700000000000007
CT,Connecticut,2015,1.33,0.16666666666666607
CT,Connecticut,2016,0.11,0.45333333333333276
CT,Connecticut,2017,1.09,0.8433333333333328
CT,Connecticut,2018,1.62,0.9399999999999995
CT,Connecticut,2019,2.23,1.6466666666666663
CT,Connecticut,2020,3.04,2.2966666666666664
CT,Connecticut,2021,11.92,5.7299999999999995
CT,Connecticut,2022,13.7,9.553333333333333
CT,Connecticut,2023,10.4,12.006666666666666
CT,Connecticut,2024,8.34,10.813333333333333
DC,District Of Columbia,1975,,
DC,District Of Columbia,1976,13.51,13.51
DC,District Of Columbia,1977,16.12,14.815000000000001
DC,District Of Columbia,1978,19.54,16.39
DC,District Of Columbia,1979,17.55,17.736666666666668
DC,District Of Columbia,1980,8.88,15.323333333333332
DC,District Of Columbia,1981,-1.01,8.473333333333333
DC,District Of Columbia,1982,-11.1,-1.0766666666666673
DC,District Of Columbia,1983,13.84,0.5766666666666657
DC,District Of Columbia,1984,6.93,3.2233333333333323
DC,District Of Columbia,1985,6.06,8.943333333333332
DC,District Of Columbia,1986,8.63,7.206666666666666
DC,District Of Columbia,1987,11.89,8.86
DC,District Of Columbia,1988,18.7,13.073333333333332
DC,District Of Columbia,1989,12.68,14.423333333333332
DC,District Of Columbia,1990,3.67,11.683333333333332
DC,District Of Columbia,1991,0.41,5.586666666666665
DC,District Of Columbia,1992,1.79,1.9566666666666654
DC,District Of Columbia,1993,-1.38,0.27333333333333215
DC,District Of Columbia,1994,-1.11,-0.2333333333333345
DC,District Of Columbia,1995,-2.08,-1.5233333333333345
DC,District Of Columbia,1996,2.13,-0.35333333333333466
DC,District Of Columbia,1997,-0.55,-0.16666666666666793
DC,District Of Columbia,1998,4.91,2.163333333333332
DC,District Of Columbia,1999,7.04,3.799999999999999
DC,District Of Columbia,2000,14.96,8.969999999999999
DC,District Of Columbia,2001,16.28,12.76
DC,District Of Columbia,2002,14.01,15.083333333333334
DC,District Of Columbia,2003,10.43,13.573333333333332
DC,District Of Columbia,2004,18.24,14.226666666666665
DC,District Of Columbia,2005,24.95,17.87333333333333
DC,District Of Columbia,2006,11.92,18.369999999999997
DC,District Of Columbia,2007,2.67,13.179999999999998
DC,District Of Columbia,2008,-5.79,2.9333333333333313
DC,District Of Columbia,2009,-5.6,-2.9066666666666685
DC,District Of Columbia,2010,-0.02,-3.803333333333336
DC,District Of Columbia,2011,1.06,-1.5200000000000022
DC,District Of Columbia,2012,3.18,1.4066666666666645
DC,District Of Columbia,2013,6.99,3.743333333333331
DC,District Of Columbia,2014,9.26,6.476666666666664
DC,District Of Columbia,2015,5.63,7.293333333333332
DC,District Of Columbia,2016,6.7,7.1966666666666645
DC,District Of Columbia,2017,4.99,5.773333333333331
DC,District Of Columbia,2018,4.81,5.499999999999997
DC,District Of Columbia,2019,3.86,4.553333333333331
DC,District Of Columbia,2020,2.09,3.5866666666666642
DC,District Of Columbia,2021,6.9,4.283333333333331
DC,District Of Columbia,2022,7.7,5.563333333333332
DC,District Of Columbia,2023,-2.11,4.163333333333331
DC,District Of Columbia,2024,0.13,1.9066666666666647
DE,Delaware,1975,,
DE,Delaware,1976,4.77,4.77
DE,Delaware,1977,-3.22,0.7749999999999997
DE,Delaware,1978,5.52,2.356666666666666
DE,Delaware,1979,6.65,2.983333333333333
DE,Delaware,1980,16.38,9.516666666666666
DE,Delaware,1981,7.02,10.016666666666667
DE,Delaware,1982,2.32,8.573333333333332
DE,Delaware,1983,6.36,5.233333333333334
DE,Delaware,1984,9.04,5.906666666666667
DE,Delaware,1985,7.64,7.680000000000001
DE,Delaware,1986,9.77,8.816666666666668
DE,Delaware,1987,11.37,9.593333333333334
DE,Delaware,1988,12.43,11.19
DE,Delaware,1989,9.47,11.090000000000002
DE,Delaware,1990,2.76,8.22
DE,Delaware,1991,1.23,4.486666666666668
DE,Delaware,1992,0.37,1.4533333333333343
DE,Delaware,1993,-0.31,0.4300000000000012
DE,Delaware,1994,-1.29,-0.4099999999999988
DE,Delaware,1995,0.0,-0.5333333333333322
DE,Delaware,1996,1.72,0.1433333333333345
DE,Delaware,1997,1.29,1.0033333333333345
DE,Delaware,1998,2.45,1.8200000000000012
DE,Delaware,1999,3.58,2.4400000000000013
DE,Delaware,2000,6.62,4.216666666666668
DE,Delaware,2001,7.06,5.753333333333334
DE,Delaware,2002,7.08,6.920000000000002
DE,Delaware,2003,6.61,6.916666666666668
DE,Delaware,2004,13.11,8.933333333333335
DE,Delaware,2005,16.1,11.940000000000003
DE,Delaware,2006,9.01,12.740000000000002
DE,Delaware,2007,2.48,9.196666666666667
DE,Delaware,2008,-2.99,2.8333333333333344
DE,Delaware,2009,-6.66,-2.389999999999999
DE,Delaware,2010,-4.81,-4.819999999999999
DE,Delaware,2011,-5.58,-5.683333333333333
DE,Delaware,2012,-2.87,-4.419999999999999
DE,Delaware,2013,0.75,-2.566666666666665
DE,Delaware,2014,2.39,0.09000000000000119
DE,Delaware,2015,2.22,1.786666666666668
DE,Delaware,2016,2.09,2.2333333333333347
DE,Delaware,2017,1.88,2.063333333333335
DE,Delaware,2018,3.85,2.606666666666668
DE,Delaware,2019,3.55,3.093333333333334
DE,Delaware,2020,3.31,3.5700000000000016
DE,Delaware,2021,10.81,5.890000000000001
DE,Delaware,2022,14.04,9.386666666666668
DE,Delaware,2023,8.11,10.986666666666666
DE,Delaware,2024,7.05,9.733333333333333
FL,Florida,1975,,
FL,Florida,1976,-2.17,-2.17
FL,Florida,1977,4.85,1.3399999999999999
FL,Florida,1978,11.11,4.596666666666667
FL,Florida,1979,13.49,9.816666666666666
FL,Florida,1980,11.56,12.053333333333335
FL,Florida,1981,5.11,10.053333333333335
FL,Florida,1982,-0.15,5.506666666666667
FL,Florida,1983,14.24,6.400000000000001
FL,Florida,1984,2.63,5.573333333333334
FL,Florida,1985,0.92,5.93
FL,Florida,1986,3.99,2.513333333333333
FL,Florida,1987,2.42,2.4433333333333334
FL,Florida,1988,4.68,3.6966666666666668
FL,Florida,1989,4.12,3.7399999999999998
FL,Florida,1990,1.68,3.4933333333333336
FL,Florida,1991,1.42,2.4066666666666667
FL,Florida,1992,2.08,1.7266666666666666
FL,Florida,1993,1.78,1.76
FL,Florida,1994,0.86,1.5733333333333333
FL,Florida,1995,2.62,1.7533333333333332
FL,Florida,1996,2.47,1.9833333333333334
FL,Florida,1997,2.82,2.6366666666666667
FL,Florida,1998,4.03,3.106666666666667
FL,Florida,1999,3.45,3.4333333333333336
FL,Florida,2000,7.88,5.12
FL,Florida,2001,9.67,7.0
FL,Florida,2002,9.27,8.94
FL,Florida,2003,8.48,9.14
FL,Florida,2004,16.35,11.366666666666669
FL,Florida,2005,27.03,17.28666666666667
FL,Florida,2006,16.01,19.79666666666667
FL,Florida,2007,-2.85,13.396666666666668
FL,Florida,2008,-15.56,-0.7999999999999984
FL,Florida,2009,-17.74,-12.049999999999997
FL,Florida,2010,-9.89,-14.396666666666667
FL,Florida,2011,-7.31,-11.646666666666667
FL,Florida,2012,-1.02,-6.0733333333333315
FL,Florida,2013,7.43,-0.29999999999999893
FL,Florida,2014,10.4,5.603333333333334
FL,Florida,2015,8.93,8.920000000000002
FL,Florida,2016,9.24,9.523333333333335
FL,Florida,2017,8.42,8.863333333333335
FL,Florida,2018,8.07,8.576666666666668
FL,Florida,2019,5.48,7.323333333333335
FL,Florida,2020,5.0,6.1833333333333345
FL,Florida,2021,15.6,8.693333333333335
FL,Florida,2022,23.95,14.85
FL,Florida,2023,8.98,16.176666666666666
FL,Florida,2024,3.29,12.073333333333332
GA,Georgia,1975,,
GA,Georgia,1976,4.0,4.0
GA,Georgia,1977,3.09,3.545
GA,Georgia,1978,8.11,5.066666666666666
GA,Georgia,1979,9.86,7.02
GA,Georgia,1980,10.97,9.646666666666667
GA,Georgia,1981,8.32,9.716666666666667
GA,Georgia,1982,5.84,8.376666666666667
GA,Georgia,1983,2.86,5.673333333333333
GA,Georgia,1984,6.1,4.933333333333333
GA,Georgia,1985,4.87,4.609999999999999
GA,Georgia,1986,5.84,5.603333333333333
GA,Georgia,1987,4.56,5.09
GA,Georgia,1988,4.19,4.863333333333333
GA,Georgia,1989,2.13,3.6266666666666665
GA,Georgia,1990,0.25,2.19
GA,Georgia,1991,0.5,0.96
GA,Georgia,1992,1.74,0.8300000000000001
GA,Georgia,1993,1.87,1.37
GA,Georgia,1994,2.23,1.9466666666666665
GA,Georgia,1995,3.85,2.65
GA,Georgia,1996,4.01,3.3633333333333333
GA,Georgia,1997,4.45,4.103333333333333
GA,Georgia,1998,4.86,4.44
GA,Georgia,1999,5.56,4.956666666666667
GA,Georgia,2000,7.15,5.8566666666666665
GA,Georgia,2001,6.14,6.283333333333334
GA,Georgia,2002,3.7,5.663333333333334
GA,Georgia,2003,2.11,3.983333333333333
GA,Georgia,2004,4.17,3.3266666666666667
GA,Georgia,2005,5.47,3.9166666666666665
GA,Georgia,2006,4.64,4.760000000000001
GA,Georgia,2007,2.43,4.180000000000001
GA,Georgia,2008,-1.98,1.696666666666667
GA,Georgia,2009,-4.94,-1.4966666666666664
GA,Georgia,2010,-8.3,-5.073333333333333
GA,Georgia,2011,-7.51,-6.916666666666667
GA,Georgia,2012,-5.05,-6.953333333333333
GA,Georgia,2013,3.79,-2.9233333333333325
GA,Georgia,2014,7.77,2.1700000000000004
GA,Georgia,2015,5.85,5.803333333333335
GA,Georgia,2016,6.12,6.580000000000001
GA,Georgia,2017,6.08,6.016666666666667
GA,Georgia,2018,7.54,6.580000000000001
GA,Georgia,2019,5.73,6.45
GA,Georgia,2020,4.11,5.793333333333334
GA,Georgia,2021,12.91,7.583333333333333
GA,Georgia,2022,20.51,12.51
GA,Georgia,2023,8.39,13.936666666666667
GA,Georgia,2024,4.78,11.226666666666668
HI,Hawaii,1975,,
HI,Hawaii,1976,0.11,0.11
HI,Hawaii,1977,7.34,3.725
HI,Hawaii,1978,13.38,6.943333333333334
HI,Hawaii,1979,26.89,15.87
HI,Hawaii,1980,21.19,20.486666666666668
HI,Hawaii,1981,-30.66,5.806666666666666
HI,Hawaii,1982,32.36,7.63
HI,Hawaii,1983,13.91,5.203333333333333
HI,Hawaii,1984,3.45,16.573333333333334
HI,Hawaii,1985,4.63,7.329999999999998
HI,Hawaii,1986,3.29,3.789999999999999
HI,Hawaii,1987,8.13,5.349999999999999
HI,Hawaii,1988,17.31,9.576666666666666
HI,Hawaii,1989,25.72,17.05333333333333
HI,Hawaii,1990,21.71,21.58
HI,Hawaii,1991,9.93,19.119999999999997
HI,Hawaii,1992,0.45,10.696666666666665
HI,Hawaii,1993,-0.37,3.3366666666666656
HI,Hawaii,1994,-0.22,-0.04666666666666785
HI,Hawaii,1995,-1.87,-0.8200000000000012
HI,Hawaii,1996,-3.96,-2.016666666666668
HI,Hawaii,1997,-7.89,-4.573333333333334
HI,Hawaii,1998,-0.27,-4.040000000000001
HI,Hawaii,1999,-0.9,-3.0200000000000014
HI,Hawaii,2000,3.06,0.6299999999999989
HI,Hawaii,2001,7.54,3.233333333333332
HI,Hawaii,2002,6.73,5.776666666666666
HI,Hawaii,2003,9.35,7.873333333333332
HI,Hawaii,2004,20.87,12.316666666666665
HI,Hawaii,2005,26.58,18.933333333333334
HI,Hawaii,2006,14.7,20.716666666666665
HI,Hawaii,2007,1.7,14.326666666666663
HI,Hawaii,2008,-3.76,4.213333333333331
HI,Hawaii,2009,-10.48,-4.180000000000002
HI,Hawaii,2010,-4.27,-6.170000000000002
HI,Hawaii,2011,-1.81,-5.520000000000002
HI,Hawaii,2012,0.69,-1.7966666666666689
HI,Hawaii,2013,4.45,1.1099999999999977
HI,Hawaii,2014,7.81,4.316666666666664
HI,Hawaii,2015,5.47,5.909999999999997
HI,Hawaii,2016,6.47,6.583333333333331
HI,Hawaii,2017,3.62,5.186666666666665
HI,Hawaii,2018,4.58,4.889999999999998
HI,Hawaii,2019,2.91,3.703333333333331
HI,Hawaii,2020,-0.03,2.486666666666664
HI,Hawaii,2021,7.98,3.6199999999999974
HI,Hawaii,2022,18.88,8.94333333333333
HI,Hawaii,2023,7.31,11.389999999999999
HI,Hawaii,2024,3.0,9.729999999999997
IA,Iowa,1975,,
IA,Iowa,1976,13.04,13.04
IA,Iowa,1977,11.85,12.445
IA,Iowa,1978,13.64,12.843333333333334
IA,Iowa,1979,10.37,11.953333333333333
IA,Iowa,1980,0.88,8.296666666666665
IA,Iowa,1981,-5.52,1.91
IA,Iowa,1982,-2.43,-2.356666666666667
IA,Iowa,1983,7.84,-0.03666666666666677
IA,Iowa,1984,1.19,2.1999999999999997
IA,Iowa,1985,1.71,3.5799999999999996
IA,Iowa,1986,1.05,1.3166666666666664
IA,Iowa,1987,0.77,1.1766666666666665
IA,Iowa,1988,2.01,1.2766666666666664
IA,Iowa,1989,5.67,2.8166666666666664
IA,Iowa,1990,4.78,4.153333333333333
IA,Iowa,1991,4.25,4.8999999999999995
IA,Iowa,1992,3.21,4.079999999999999
IA,Iowa,1993,4.94,4.133333333333333
IA,Iowa,1994,5.68,4.609999999999999
IA,Iowa,1995,6.58,5.733333333333333
IA,Iowa,1996,3.96,5.406666666666666
IA,Iowa,1997,3.96,4.833333333333333
IA,Iowa,1998,4.26,4.06
IA,Iowa,1999,3.89,4.036666666666666
IA,Iowa,2000,4.9,4.35
IA,Iowa,2001,4.67,4.486666666666666
IA,Iowa,2002,2.82,4.13
IA,Iowa,2003,2.31,3.2666666666666657
IA,Iowa,2004,4.28,3.1366666666666663
IA,Iowa,2005,4.79,3.793333333333333
IA,Iowa,2006,2.85,3.973333333333333
IA,Iowa,2007,1.81,3.15
IA,Iowa,2008,0.42,1.6933333333333327
IA,Iowa,2009,-0.54,0.5633333333333327
IA,Iowa,2010,-1.01,-0.3766666666666673
IA,Iowa,2011,-0.6,-0.7166666666666672
IA,Iowa,2012,0.47,-0.3800000000000006
IA,Iowa,2013,1.39,0.41999999999999943
IA,Iowa,2014,2.32,1.3933333333333326
IA,Iowa,2015,2.7,2.1366666666666663
IA,Iowa,2016,3.42,2.8133333333333326
IA,Iowa,2017,3.83,3.3166666666666664
IA,Iowa,2018,3.73,3.6599999999999997
IA,Iowa,2019,3.14,3.5666666666666664
IA,Iowa,2020,1.71,2.8599999999999994
IA,Iowa,2021,8.05,4.3
IA,Iowa,2022,12.68,7.4799999999999995
IA,Iowa,2023,7.16,9.296666666666665
IA,Iowa,2024,5.14,8.326666666666666
ID,Idaho,1975,,
ID,Idaho,1976,5.15,5.15
ID,Idaho,1977,12.49,8.82
ID,Idaho,1978,17.14,11.593333333333334
ID,Idaho,1979,9.23,12.953333333333333
ID,Idaho,1980,4.95,10.44
ID,Idaho,1981,1.79,5.323333333333333
ID,Idaho,1982,2.16,2.966666666666667
ID,Idaho,1983,2.28,2.0766666666666667
ID,Idaho,1984,2.85,2.43
ID,Idaho,1985,1.39,2.1733333333333333
ID,Idaho,1986,0.8,1.6800000000000004
ID,Idaho,1987,-0.52,0.5566666666666666
ID,Idaho,1988,-0.56,-0.09333333333333334
ID,Idaho,1989,4.47,1.13
ID,Idaho,1990,7.37,3.76
ID,Idaho,1991,5.65,5.830000000000001
ID,Idaho,1992,5.53,6.183333333333334
ID,Idaho,1993,8.59,6.59
ID,Idaho,1994,6.09,6.736666666666667
ID,Idaho,1995,6.71,7.13
ID,Idaho,1996,2.59,5.13
ID,Idaho,1997,2.72,4.006666666666667
ID,Idaho,1998,2.52,2.61
ID,Idaho,1999,1.95,2.396666666666667
ID,Idaho,2000,2.18,2.216666666666667
ID,Idaho,2001,4.41,2.8466666666666662
ID,Idaho,2002,2.49,3.026666666666667
ID,Idaho,2003,2.55,3.15
ID,Idaho,2004,6.72,3.92
ID,Idaho,2005,15.76,8.343333333333334
ID,Idaho,2006,16.66,13.046666666666667
ID,Idaho,2007,5.46,12.626666666666665
ID,Idaho,2008,-2.14,6.66
ID,Idaho,2009,-7.46,-1.3800000000000014
ID,Idaho,2010,-10.59,-6.730000000000001
ID,Idaho,2011,-8.72,-8.923333333333334
ID,Idaho,2012,0.19,-6.373333333333335
ID,Idaho,2013,5.18,-1.116666666666668
ID,Idaho,2014,6.85,4.0733333333333315
ID,Idaho,2015,5.78,5.936666666666665
ID,Idaho,2016,7.42,6.683333333333333
ID,Idaho,2017,9.29,7.496666666666665
ID,Idaho,2018,12.1,9.603333333333332
ID,Idaho,2019,11.17,10.853333333333332
ID,Idaho,2020,8.67,10.646666666666667
ID,Idaho,2021,22.9,14.246666666666664
ID,Idaho,2022,20.02,17.196666666666665
ID,Idaho,2023,-0.25,14.223333333333331
ID,Idaho,2024,3.9,7.889999999999998
IL,Illinois,1975,,
IL,Illinois,1976,11.21,11.21
IL,Illinois,1977,17.39,14.3
IL,Illinois,1978,17.69,15.430000000000001
IL,Illinois,1979,2.44,12.506666666666668
IL,Illinois,1980,0.01,6.713333333333334
IL,Illinois,1981,4.53,2.3266666666666667
IL,Illinois,1982,-12.31,-2.59
IL,Illinois,1983,15.13,2.45
IL,Illinois,1984,5.57,2.796666666666667
IL,Illinois,1985,4.14,8.280000000000001
IL,Illinois,1986,6.25,5.32
IL,Illinois,1987,7.8,6.063333333333333
IL,Illinois,1988,10.61,8.219999999999999
IL,Illinois,1989,7.91,8.773333333333333
IL,Illinois,1990,4.74,7.753333333333334
IL,Illinois,1991,3.3,5.316666666666666
IL,Illinois,1992,2.53,3.5233333333333334
IL,Illinois,1993,2.78,2.8699999999999997
IL,Illinois,1994,3.59,2.9666666666666663
IL,Illinois,1995,4.67,3.6799999999999997
IL,Illinois,1996,2.96,3.7399999999999998
IL,Illinois,1997,3.02,3.5500000000000003
IL,Illinois,1998,2.21,2.73
IL,Illinois,1999,3.57,2.9333333333333336
IL,Illinois,2000,6.97,4.25
IL,Illinois,2001,5.6,5.38
IL,Illinois,2002,4.97,5.846666666666667
IL,Illinois,2003,3.57,4.713333333333333
IL,Illinois,2004,7.68,5.406666666666666
IL,Illinois,2005,9.16,6.803333333333334
IL,Illinois,2006,5.76,7.533333333333334
IL,Illinois,2007,1.3,5.406666666666666
IL,Illinois,2008,-2.99,1.3566666666666665
IL,Illinois,2009,-8.3,-3.3300000000000005
IL,Illinois,2010,-6.35,-5.88
IL,Illinois,2011,-5.25,-6.633333333333333
IL,Illinois,2012,-2.78,-4.793333333333333
IL,Illinois,2013,0.18,-2.6166666666666667
IL,Illinois,2014,3.71,0.3700000000000001
IL,Illinois,2015,3.0,2.296666666666667
IL,Illinois,2016,2.84,3.1833333333333336
IL,Illinois,2017,2.58,2.8066666666666666
IL,Illinois,2018,2.36,2.5933333333333333
IL,Illinois,2019,2.61,2.516666666666666
IL,Illinois,2020,1.06,2.01
IL,Illinois,2021,7.75,3.8066666666666666
IL,Illinois,2022,12.18,6.996666666666667
IL,Illinois,2023,7.21,9.046666666666665
IL,Illinois,2024,7.23,8.873333333333333
IN,Indiana,1975,,
IN,Indiana,1976,5.44,5.44
IN,Indiana,1977,12.15,8.795
IN,Indiana,1978,16.52,11.37
IN,Indiana,1979,13.11,13.926666666666668
IN,Indiana,1980,4.74,11.456666666666669
IN,Indiana,1981,4.11,7.320000000000001
IN,Indiana,1982,-4.7,1.3833333333333346
IN,Indiana,1983,6.43,1.9466666666666679
IN,Indiana,1984,1.76,1.1633333333333342
IN,Indiana,1985,3.45,3.8800000000000012
IN,Indiana,1986,4.64,3.2833333333333345
IN,Indiana,1987,4.23,4.106666666666668
IN,Indiana,1988,5.67,4.8466666666666685
IN,Indiana,1989,4.66,4.853333333333334
IN,Indiana,1990,3.18,4.503333333333335
IN,Indiana,1991,3.51,3.7833333333333345
IN,Indiana,1992,2.99,3.226666666666668
IN,Indiana,1993,3.24,3.246666666666668
IN,Indiana,1994,3.85,3.3600000000000017
IN,Indiana,1995,5.48,4.190000000000001
IN,Indiana,1996,4.28,4.536666666666668
IN,Indiana,1997,4.15,4.6366666666666685
IN,Indiana,1998,3.41,3.9466666666666677
IN,Indiana,1999,2.97,3.5100000000000016
IN,Indiana,2000,3.77,3.3833333333333346
IN,Indiana,2001,4.24,3.6600000000000015
IN,Indiana,2002,1.97,3.326666666666668
IN,Indiana,2003,1.36,2.5233333333333348
IN,Indiana,2004,2.4,1.9100000000000013
IN,Indiana,2005,3.53,2.430000000000001
IN,Indiana,2006,1.83,2.586666666666668
IN,Indiana,2007,1.11,2.1566666666666676
IN,Indiana,2008,-0.63,0.7700000000000012
IN,Indiana,2009,-2.19,-0.5699999999999988
IN,Indiana,2010,-2.45,-1.7566666666666657
IN,Indiana,2011,-1.85,-2.163333333333332
IN,Indiana,2012,-0.55,-1.6166666666666656
IN,Indiana,2013,0.95,-0.4833333333333322
IN,Indiana,2014,2.38,0.9266666666666677
IN,Indiana,2015,3.29,2.206666666666668
IN,Indiana,2016,3.5,3.056666666666668
IN,Indiana,2017,4.51,3.766666666666668
IN,Indiana,2018,6.71,4.906666666666668
IN,Indiana,2019,5.47,5.5633333333333335
IN,Indiana,2020,4.05,5.410000000000001
IN,Indiana,2021,11.98,7.166666666666668
IN,Indiana,2022,15.23,10.420000000000002
IN,Indiana,2023,8.04,11.75
IN,Indiana,2024,5.49,9.586666666666668
KS,Kansas,1975,,
KS,Kansas,1976,7.83,7.83
KS,Kansas,1977,12.22,10.025
KS,Kansas,1978,12.23,10.76
KS,Kansas,1979,10.24,11.563333333333334
KS,Kansas,1980,7.23,9.9
KS,Kansas,1981,1.91,6.46
KS,Kansas,1982,1.85,3.6633333333333336
KS,Kansas,1983,2.75,2.17
KS,Kansas,1984,0.61,1.7366666666666666
KS,Kansas,1985,0.42,1.26
KS,Kansas,1986,3.56,1.53
KS,Kansas,1987,1.97,1.9833333333333334
KS,Kansas,1988,0.94,2.1566666666666667
KS,Kansas,1989,1.61,1.5066666666666666
KS,Kansas,1990,0.03,0.86
KS,Kansas,1991,0.96,0.8666666666666667
KS,Kansas,1992,1.9,0.9633333333333333
KS,Kansas,1993,2.67,1.843333333333333
KS,Kansas,1994,5.48,3.35
KS,Kansas,1995,6.53,4.8933333333333335
KS,Kansas,1996,3.96,5.323333333333333
KS,Kansas,1997,4.39,4.96
KS,Kansas,1998,4.09,4.146666666666666
KS,Kansas,1999,4.83,4.4366666666666665
KS,Kansas,2000,5.92,4.946666666666666
KS,Kansas,2001,4.83,5.193333333333333
KS,Kansas,2002,3.47,4.74
KS,Kansas,2003,1.96,3.42
KS,Kansas,2004,3.96,3.1299999999999994
KS,Kansas,2005,4.49,3.4699999999999993
KS,Kansas,2006,3.36,3.936666666666666
KS,Kansas,2007,2.22,3.356666666666666
KS,Kansas,2008,-0.32,1.7533333333333327
KS,Kansas,2009,-1.13,0.25666666666666615
KS,Kansas,2010,-1.18,-0.8766666666666673
KS,Kansas,2011,-1.72,-1.343333333333334
KS,Kansas,2012,-0.48,-1.1266666666666671
KS,Kansas,2013,0.9,-0.43333333333333385
KS,Kansas,2014,2.81,1.0766666666666662
KS,Kansas,2015,3.08,2.2633333333333328
KS,Kansas,2016,4.02,3.3033333333333323
KS,Kansas,2017,4.41,3.836666666666666
KS,Kansas,2018,4.92,4.449999999999999
KS,Kansas,2019,3.99,4.4399999999999995
KS,Kansas,2020,3.91,4.2733333333333325
KS,Kansas,2021,10.53,6.1433333333333335
KS,Kansas,2022,14.01,9.483333333333333
KS,Kansas,2023,7.35,10.629999999999999
KS,Kansas,2024,6.0,9.12
KY,Kentucky,1975,,
KY,Kentucky,1976,4.05,4.05
KY,Kentucky,1977,8.48,6.265000000000001
KY,Kentucky,1978,15.61,9.38
KY,Kentucky,1979,12.87,12.32
KY,Kentucky,1980,4.79,11.089999999999998
KY,Kentucky,1981,3.07,6.91
KY,Kentucky,1982,1.93,3.263333333333333
KY,Kentucky,1983,3.13,2.7099999999999995
KY,Kentucky,1984,1.73,2.263333333333333
KY,Kentucky,1985,3.06,2.64
KY,Kentucky,1986,4.24,3.0100000000000002
KY,Kentucky,1987,4.19,3.83
KY,Kentucky,1988,6.15,4.86
KY,Kentucky,1989,4.94,5.093333333333334
KY,Kentucky,1990,2.74,4.61
KY,Kentucky,1991,2.76,3.4800000000000004
KY,Kentucky,1992,2.72,2.74
KY,Kentucky,1993,3.18,2.8866666666666667
KY,Kentucky,1994,5.27,3.723333333333333
KY,Kentucky,1995,6.16,4.87
KY,Kentucky,1996,3.89,5.1066666666666665
KY,Kentucky,1997,4.36,4.803333333333334
KY,Kentucky,1998,3.54,3.9299999999999997
KY,Kentucky,1999,4.03,3.9766666666666666
KY,Kentucky,2000,5.05,4.206666666666667
KY,Kentucky,2001,4.18,4.420000000000001
KY,Kentucky,2002,2.6,3.9433333333333334
KY,Kentucky,2003,2.41,3.063333333333333
KY,Kentucky,2004,4.3,3.1033333333333335
KY,Kentucky,2005,5.17,3.9600000000000004
KY,Kentucky,2006,3.29,4.253333333333334
KY,Kentucky,2007,2.05,3.5033333333333334
KY,Kentucky,2008,0.51,1.95
KY,Kentucky,2009,-1.53,0.34333333333333327
KY,Kentucky,2010,-1.36,-0.7933333333333333
KY,Kentucky,2011,-1.5,-1.4633333333333332
KY,Kentucky,2012,-0.08,-0.98
KY,Kentucky,2013,0.58,-0.3333333333333333
KY,Kentucky,2014,1.64,0.7133333333333333
KY,Kentucky,2015,3.06,1.76
KY,Kentucky,2016,3.75,2.8166666666666664
KY,Kentucky,2017,4.8,3.8699999999999997
KY,Kentucky,2018,4.44,4.33
KY,Kentucky,2019,4.15,4.463333333333334
KY,Kentucky,2020,3.68,4.09
KY,Kentucky,2021,10.24,6.023333333333333
KY,Kentucky,2022,14.28,9.4
KY,Kentucky,2023,8.12,10.88
KY,Kentucky,2024,6.25,9.549999999999999
LA,Louisiana,1975,,
LA,Louisiana,1976,9.53,9.53
LA,Louisiana,1977,10.16,9.844999999999999
LA,Louisiana,1978,18.15,12.613333333333332
LA,Louisiana,1979,22.34,16.88333333333333
LA,Louisiana,1980,8.64,16.376666666666665
LA,Louisiana,1981,10.8,13.926666666666668
LA,Louisiana,1982,3.21,7.550000000000001
LA,Louisiana,1983,0.91,4.973333333333334
LA,Louisiana,1984,0.34,1.4866666666666666
LA,Louisiana,1985,-3.21,-0.6533333333333333
LA,Louisiana,1986,-1.12,-1.33
LA,Louisiana,1987,-3.98,-2.77
LA,Louisiana,1988,-6.61,-3.9033333333333338
LA,Louisiana,1989,0.62,-3.323333333333333
LA,Louisiana,1990,1.44,-1.5166666666666668
LA,Louisiana,1991,2.61,1.5566666666666669
LA,Louisiana,1992,4.16,2.736666666666667
LA,Louisiana,1993,4.39,3.72
LA,Louisiana,1994,5.83,4.793333333333334
LA,Louisiana,1995,5.11,5.11
LA,Louisiana,1996,4.54,5.16
LA,Louisiana,1997,4.59,4.746666666666667
LA,Louisiana,1998,4.23,4.453333333333334
LA,Louisiana,1999,3.82,4.213333333333334
LA,Louisiana,2000,4.15,4.066666666666667
LA,Louisiana,2001,4.55,4.173333333333333
LA,Louisiana,2002,3.24,3.9800000000000004
LA,Louisiana,2003,3.4,3.73
LA,Louisiana,2004,5.2,3.9466666666666668
LA,Louisiana,2005,6.58,5.06
LA,Louisiana,2006,11.14,7.640000000000001
LA,Louisiana,2007,4.67,7.463333333333334
LA,Louisiana,2008,0.19,5.333333333333333
LA,Louisiana,2009,-1.38,1.16
LA,Louisiana,2010,-1.58,-0.9233333333333333
LA,Louisiana,2011,-1.26,-1.4066666666666665
LA,Louisiana,2012,0.55,-0.7633333333333333
LA,Louisiana,2013,1.25,0.18000000000000002
LA,Louisiana,2014,2.65,1.4833333333333334
LA,Louisiana,2015,3.17,2.356666666666667
LA,Louisiana,2016,3.26,3.026666666666667
LA,Louisiana,2017,2.45,2.9599999999999995
LA,Louisiana,2018,2.08,2.5966666666666662
LA,Louisiana,2019,2.25,2.26
LA,Louisiana,2020,2.2,2.1766666666666663
LA,Louisiana,2021,5.79,3.4133333333333336
LA,Louisiana,2022,10.41,6.133333333333333
LA,Louisiana,2023,1.7,5.966666666666668
LA,Louisiana,2024,1.01,4.373333333333334
MA,Massachusetts,1975,,
MA,Massachusetts,1976,1.97,1.97
MA,Massachusetts,1977,5.32,3.645
MA,Massachusetts,1978,13.71,7.0
MA,Massachusetts,1979,17.32,12.116666666666667
MA,Massachusetts,1980,12.4,14.476666666666667
MA,Massachusetts,1981,16.38,15.366666666666667
MA,Massachusetts,1982,4.14,10.973333333333334
MA,Massachusetts,1983,7.93,9.483333333333334
MA,Massachusetts,1984,26.17,12.746666666666668
MA,Massachusetts,1985,23.17,19.09
MA,Massachusetts,1986,19.15,22.830000000000002
MA,Massachusetts,1987,12.4,18.24
MA,Massachusetts,1988,6.51,12.686666666666667
MA,Massachusetts,1989,0.32,6.41
MA,Massachusetts,1990,-4.29,0.8466666666666667
MA,Massachusetts,1991,-5.97,-3.313333333333333
MA,Massachusetts,1992,-1.67,-3.9766666666666666
MA,Massachusetts,1993,-0.97,-2.8699999999999997
MA,Massachusetts,1994,0.37,-0.7566666666666667
MA,Massachusetts,1995,2.15,0.5166666666666666
MA,Massachusetts,1996,3.27,1.9299999999999997
MA,Massachusetts,1997,4.37,3.263333333333333
MA,Massachusetts,1998,6.05,4.5633333333333335
MA,Massachusetts,1999,8.49,6.303333333333334
MA,Massachusetts,2000,16.98,10.506666666666666
MA,Massachusetts,2001,11.42,12.296666666666667
MA,Massachusetts,2002,10.81,13.07
MA,Massachusetts,2003,7.71,9.98
MA,Massachusetts,2004,10.62,9.713333333333333
MA,Massachusetts,2005,9.83,9.386666666666665
MA,Massachusetts,2006,1.02,7.156666666666666
MA,Massachusetts,2007,-3.32,2.5100000000000002
MA,Massachusetts,2008,-4.89,-2.3966666666666665
MA,Massachusetts,2009,-5.93,-4.713333333333333
MA,Massachusetts,2010,-2.43,-4.416666666666667
MA,Massachusetts,2011,-2.38,-3.58
MA,Massachusetts,2012,-1.28,-2.03
MA,Massachusetts,2013,1.84,-0.6066666666666666
MA,Massachusetts,2014,5.23,1.9300000000000004
MA,Massachusetts,2015,3.59,3.5533333333333332
MA,Massachusetts,2016,4.88,4.566666666666667
MA,Massachusetts,2017,5.65,4.706666666666667
MA,Massachusetts,2018,5.35,5.293333333333334
MA,Massachusetts,2019,4.14,5.046666666666667
MA,Massachusetts,2020,3.1,4.196666666666667
MA,Massachusetts,2021,10.95,6.0633333333333335
MA,Massachusetts,2022,13.2,9.083333333333334
MA,Massachusetts,2023,7.66,10.603333333333333
MA,Massachusetts,2024,6.42,9.093333333333334
MD,Maryland,1975,,
MD,Maryland,1976,9.24,9.24
MD,Maryland,1977,6.81,8.025
MD,Maryland,1978,13.92,9.99
MD,Maryland,1979,12.67,11.133333333333333
MD,Maryland,1980,9.84,12.143333333333333
MD,Maryland,1981,8.64,10.383333333333333
MD,Maryland,1982,-4.76,4.573333333333333
MD,Maryland,1983,7.98,3.9533333333333336
MD,Maryland,1984,6.21,3.143333333333333
MD,Maryland,1985,5.23,6.473333333333334
MD,Maryland,1986,6.77,6.07
MD,Maryland,1987,9.51,7.169999999999999
MD,Maryland,1988,15.0,10.426666666666666
MD,Maryland,1989,10.24,11.583333333333334
MD,Maryland,1990,3.87,9.703333333333333
MD,Maryland,1991,1.49,5.2
MD,Maryland,1992,1.13,2.1633333333333336
MD,Maryland,1993,0.03,0.8833333333333333
MD,Maryland,1994,0.01,0.38999999999999996
MD,Maryland,1995,0.4,0.14666666666666667
MD,Maryland,1996,1.45,0.62
MD,Maryland,1997,0.82,0.89
MD,Maryland,1998,2.1,1.4566666666666668
MD,Maryland,1999,2.85,1.9233333333333331
MD,Maryland,2000,6.69,3.8800000000000003
MD,Maryland,2001,7.86,5.800000000000001
MD,Maryland,2002,9.73,8.093333333333334
MD,Maryland,2003,7.84,8.476666666666667
MD,Maryland,2004,17.36,11.643333333333333
MD,Maryland,2005,22.7,15.966666666666667
MD,Maryland,2006,12.57,17.543333333333333
MD,Maryland,2007,1.63,12.299999999999999
MD,Maryland,2008,-6.26,2.646666666666667
MD,Maryland,2009,-11.16,-5.263333333333333
MD,Maryland,2010,-5.35,-7.589999999999999
MD,Maryland,2011,-4.15,-6.886666666666667
MD,Maryland,2012,-1.72,-3.74
MD,Maryland,2013,1.61,-1.42
MD,Maryland,2014,3.34,1.0766666666666667
MD,Maryland,2015,2.2,2.3833333333333333
MD,Maryland,2016,2.6,2.7133333333333334
MD,Maryland,2017,2.92,2.5733333333333337
MD,Maryland,2018,2.9,2.8066666666666666
MD,Maryland,2019,2.79,2.8699999999999997
MD,Maryland,2020,2.54,2.7433333333333336
MD,Maryland,2021,9.48,4.9366666666666665
MD,Maryland,2022,11.61,7.876666666666666
MD,Maryland,2023,5.79,8.959999999999999
MD,Maryland,2024,5.36,7.586666666666666
ME,Maine,1975,,
ME,Maine,1976,1.36,1.36
ME,Maine,1977,14.71,8.035
ME,Maine,1978,10.98,9.016666666666667
ME,Maine,1979,11.82,12.503333333333336
ME,Maine,1980,4.02,8.94
ME,Maine,1981,10.57,8.803333333333333
ME,Maine,1982,-3.29,3.766666666666667
ME,Maine,1983,9.95,5.743333333333333
ME,Maine,1984,15.21,7.29
ME,Maine,1985,10.71,11.956666666666669
ME,Maine,1986,12.49,12.803333333333335
ME,Maine,1987,13.59,12.263333333333334
ME,Maine,1988,13.42,13.166666666666666
ME,Maine,1989,4.69,10.566666666666666
ME,Maine,1990,-2.25,5.286666666666666
ME,Maine,1991,-3.23,-0.2633333333333332
ME,Maine,1992,-0.97,-2.15
ME,Maine,1993,-1.58,-1.9266666666666665
ME,Maine,1994,-1.27,-1.2733333333333332
ME,Maine,1995,0.7,-0.7166666666666667
ME,Maine,1996,2.64,0.6900000000000001
ME,Maine,1997,2.03,1.7900000000000003
ME,Maine,1998,3.85,2.84
ME,Maine,1999,5.47,3.7833333333333337
ME,Maine,2000,9.8,6.373333333333335
ME,Maine,2001,8.89,8.053333333333335
ME,Maine,2002,8.65,9.113333333333335
ME,Maine,2003,6.67,8.07
ME,Maine,2004,12.03,9.116666666666667
ME,Maine,2005,11.42,10.040000000000001
ME,Maine,2006,4.17,9.206666666666667
ME,Maine,2007,0.96,5.516666666666667
ME,Maine,2008,-1.33,1.2666666666666673
ME,Maine,2009,-5.64,-2.0033333333333325
ME,Maine,2010,-3.99,-3.6533333333333324
ME,Maine,2011,-1.96,-3.863333333333333
ME,Maine,2012,-2.36,-2.7699999999999996
ME,Maine,2013,0.71,-1.2033333333333327
ME,Maine,2014,1.74,0.03000000000000062
ME,Maine,2015,2.4,1.6166666666666671
ME,Maine,2016,3.64,2.5933333333333337
ME,Maine,2017,4.92,3.6533333333333338
ME,Maine,2018,5.85,4.803333333333334
ME,Maine,2019,4.91,5.226666666666667
ME,Maine,2020,4.79,5.183333333333334
ME,Maine,2021,14.56,8.086666666666668
ME,Maine,2022,18.08,12.476666666666667
ME,Maine,2023,11.59,14.743333333333334
ME,Maine,2024,6.08,11.916666666666666
MI,Michigan,1975,,
MI,Michigan,1976,3.26,3.26
MI,Michigan,1977,9.57,6.415
MI,Michigan,1978,16.24,9.69
MI,Michigan,1979,18.93,14.913333333333332
MI,Michigan,1980,6.21,13.793333333333331
MI,Michigan,1981,3.81,9.649999999999999
MI,Michigan,1982,-12.52,-0.8333333333333345
MI,Michigan,1983,5.27,-1.1466666666666683
MI,Michigan,1984,0.87,-2.126666666666668
MI,Michigan,1985,4.18,3.439999999999999
MI,Michigan,1986,7.52,4.189999999999999
MI,Michigan,1987,8.93,6.876666666666665
MI,Michigan,1988,8.7,8.383333333333333
MI,Michigan,1989,6.87,8.166666666666666
MI,Michigan,1990,4.91,6.826666666666665
MI,Michigan,1991,3.27,5.016666666666667
MI,Michigan,1992,2.35,3.51
MI,Michigan,1993,1.83,2.483333333333333
MI,Michigan,1994,4.55,2.909999999999999
MI,Michigan,1995,8.04,4.806666666666666
MI,Michigan,1996,6.69,6.426666666666666
MI,Michigan,1997,7.93,7.553333333333332
MI,Michigan,1998,4.85,6.489999999999998
MI,Michigan,1999,5.97,6.249999999999997
MI,Michigan,2000,8.15,6.3233333333333315
MI,Michigan,2001,5.03,6.383333333333333
MI,Michigan,2002,3.1,5.426666666666666
MI,Michigan,2003,1.96,3.363333333333332
MI,Michigan,2004,3.23,2.763333333333332
MI,Michigan,2005,3.3,2.8299999999999987
MI,Michigan,2006,-1.21,1.7733333333333319
MI,Michigan,2007,-4.43,-0.7800000000000011
MI,Michigan,2008,-6.94,-4.193333333333334
MI,Michigan,2009,-8.16,-6.510000000000002
MI,Michigan,2010,-7.89,-7.663333333333335
MI,Michigan,2011,-3.96,-6.670000000000002
MI,Michigan,2012,-0.61,-4.153333333333334
MI,Michigan,2013,5.59,0.3399999999999987
MI,Michigan,2014,8.02,4.333333333333332
MI,Michigan,2015,4.94,6.183333333333333
MI,Michigan,2016,5.33,6.096666666666665
MI,Michigan,2017,6.77,5.679999999999999
MI,Michigan,2018,6.48,6.193333333333332
MI,Michigan,2019,4.97,6.073333333333333
MI,Michigan,2020,3.16,4.869999999999999
MI,Michigan,2021,11.54,6.556666666666665
MI,Michigan,2022,13.33,9.343333333333332
MI,Michigan,2023,7.3,10.723333333333331
MI,Michigan,2024,6.74,9.123333333333333
MN,Minnesota,1975,,
MN,Minnesota,1976,10.48,10.48
MN,Minnesota,1977,12.04,11.26
MN,Minnesota,1978,17.79,13.436666666666667
MN,Minnesota,1979,15.22,15.016666666666666
MN,Minnesota,1980,9.75,14.253333333333332
MN,Minnesota,1981,1.22,8.73
MN,Minnesota,1982,-12.0,-0.3433333333333331
MN,Minnesota,1983,21.39,3.536666666666667
MN,Minnesota,1984,2.76,4.05
MN,Minnesota,1985,1.62,8.59
MN,Minnesota,1986,3.53,2.6366666666666663
MN,Minnesota,1987,4.96,3.369999999999999
MN,Minnesota,1988,3.93,4.14
MN,Minnesota,1989,3.32,4.069999999999999
MN,Minnesota,1990,1.36,2.869999999999999
MN,Minnesota,1991,2.46,2.3799999999999994
MN,Minnesota,1992,2.06,1.9599999999999997
MN,Minnesota,1993,2.89,2.4699999999999993
MN,Minnesota,1994,3.31,2.7533333333333325
MN,Minnesota,1995,5.97,4.056666666666666
MN,Minnesota,1996,4.22,4.499999999999999
MN,Minnesota,1997,4.97,5.053333333333333
MN,Minnesota,1998,4.68,4.623333333333332
MN,Minnesota,1999,7.28,5.6433333333333335
MN,Minnesota,2000,12.29,8.083333333333334
MN,Minnesota,2001,9.19,9.586666666666666
MN,Minnesota,2002,7.83,9.769999999999998
MN,Minnesota,2003,4.64,7.219999999999999
MN,Minnesota,2004,8.77,7.079999999999998
MN,Minnesota,2005,8.28,7.2299999999999995
MN,Minnesota,2006,2.8,6.6166666666666645
MN,Minnesota,2007,-0.8,3.4266666666666654
MN,Minnesota,2008,-4.4,-0.8000000000000013
MN,Minnesota,2009,-6.22,-3.806666666666668
MN,Minnesota,2010,-6.1,-5.573333333333334
MN,Minnesota,2011,-5.41,-5.910000000000001
MN,Minnesota,2012,-1.45,-4.320000000000001
MN,Minnesota,2013,4.01,-0.9500000000000014
MN,Minnesota,2014,5.72,2.7599999999999985
MN,Minnesota,2015,3.38,4.369999999999998
MN,Minnesota,2016,4.64,4.579999999999999
MN,Minnesota,2017,5.86,4.626666666666665
MN,Minnesota,2018,5.74,5.413333333333333
MN,Minnesota,2019,4.12,5.239999999999999
MN,Minnesota,2020,2.68,4.179999999999999
MN,Minnesota,2021,9.61,5.469999999999999
MN,Minnesota,2022,12.19,8.159999999999998
MN,Minnesota,2023,4.19,8.663333333333332
MN,Minnesota,2024,3.75,6.709999999999998
MO,Missouri,1975,,
MO,Missouri,1976,6.5,6.5
MO,Missouri,1977,9.39,7.945
MO,Missouri,1978,15.25,10.38
MO,Missouri,1979,11.29,11.976666666666667
MO,Missouri,1980,5.82,10.786666666666667
MO,Missouri,1981,-1.07,5.346666666666667
MO,Missouri,1982,-0.01,1.58
MO,Missouri,1983,5.75,1.5566666666666666
MO,Missouri,1984,6.42,4.053333333333334
MO,Missouri,1985,5.92,6.03
MO,Missouri,1986,4.78,5.706666666666667
MO,Missouri,1987,5.12,5.273333333333333
MO,Missouri,1988,3.45,4.45
MO,Missouri,1989,2.23,3.5999999999999996
MO,Missouri,1990,0.48,2.0533333333333332
MO,Missouri,1991,1.02,1.2433333333333334
MO,Missouri,1992,1.52,1.0066666666666666
MO,Missouri,1993,1.39,1.3099999999999998
MO,Missouri,1994,3.64,2.1833333333333336
MO,Missouri,1995,5.62,3.5500000000000003
MO,Missouri,1996,3.7,4.32
MO,Missouri,1997,4.15,4.489999999999999
MO,Missouri,1998,3.24,3.6966666666666668
MO,Missouri,1999,4.31,3.9
MO,Missouri,2000,6.51,4.6866666666666665
MO,Missouri,2001,5.63,5.483333333333333
MO,Missouri,2002,4.5,5.546666666666667
MO,Missouri,2003,2.83,4.319999999999999
MO,Missouri,2004,5.82,4.383333333333334
MO,Missouri,2005,6.59,5.08
MO,Missouri,2006,4.16,5.523333333333333
MO,Missouri,2007,1.49,4.08
MO,Missouri,2008,-1.59,1.3533333333333335
MO,Missouri,2009,-3.35,-1.1500000000000001
MO,Missouri,2010,-3.57,-2.8366666666666664
MO,Missouri,2011,-3.19,-3.3699999999999997
MO,Missouri,2012,-1.15,-2.6366666666666667
MO,Missouri,2013,0.3,-1.3466666666666665
MO,Missouri,2014,2.6,0.5833333333333334
MO,Missouri,2015,3.36,2.0866666666666664
MO,Missouri,2016,4.14,3.3666666666666667
MO,Missouri,2017,4.56,4.02
MO,Missouri,2018,5.13,4.61
MO,Missouri,2019,4.76,4.816666666666666
MO,Missouri,2020,3.75,4.546666666666667
MO,Missouri,2021,11.23,6.580000000000001
MO,Missouri,2022,15.31,10.096666666666666
MO,Missouri,2023,7.95,11.496666666666668
MO,Missouri,2024,5.31,9.523333333333333
MS,Mississippi,1975,,
MS,Mississippi,1976,3.49,3.49
MS,Mississippi,1977,4.59,4.04
MS,Mississippi,1978,13.96,7.346666666666667
MS,Mississippi,1979,12.29,10.28
MS,Mississippi,1980,0.16,8.803333333333333
MS,Mississippi,1981,3.39,5.28
MS,Mississippi,1982,3.02,2.19
MS,Mississippi,1983,6.18,4.196666666666666
MS,Mississippi,1984,1.83,3.6766666666666663
MS,Mississippi,1985,7.01,5.006666666666667
MS,Mississippi,1986,0.25,3.03
MS,Mississippi,1987,0.07,2.4433333333333334
MS,Mississippi,1988,-1.24,-0.30666666666666664
MS,Mississippi,1989,0.85,-0.10666666666666665
MS,Mississippi,1990,1.16,0.25666666666666665
MS,Mississippi,1991,1.17,1.0599999999999998
MS,Mississippi,1992,2.84,1.7233333333333334
MS,Mississippi,1993,2.22,2.0766666666666667
MS,Mississippi,1994,5.17,3.41
MS,Mississippi,1995,4.83,4.073333333333333
MS,Mississippi,1996,3.54,4.513333333333333
MS,Mississippi,1997,3.72,4.03
MS,Mississippi,1998,4.16,3.8066666666666666
MS,Mississippi,1999,4.36,4.08
MS,Mississippi,2000,3.59,4.036666666666666
MS,Mississippi,2001,4.23,4.06
MS,Mississippi,2002,1.94,3.2533333333333334
MS,Mississippi,2003,1.94,2.703333333333333
MS,Mississippi,2004,3.55,2.476666666666666
MS,Mississippi,2005,5.55,3.6799999999999997
MS,Mississippi,2006,8.94,6.013333333333333
MS,Mississippi,2007,4.43,6.306666666666665
MS,Mississippi,2008,-0.19,4.393333333333333
MS,Mississippi,2009,-2.86,0.45999999999999935
MS,Mississippi,2010,-3.66,-2.2366666666666672
MS,Mississippi,2011,-1.98,-2.833333333333334
MS,Mississippi,2012,-0.86,-2.1666666666666674
MS,Mississippi,2013,-0.22,-1.0200000000000007
MS,Mississippi,2014,1.81,0.24333333333333274
MS,Mississippi,2015,2.43,1.3399999999999992
MS,Mississippi,2016,2.48,2.2399999999999993
MS,Mississippi,2017,2.27,2.3933333333333326
MS,Mississippi,2018,2.95,2.5666666666666664
MS,Mississippi,2019,3.33,2.8499999999999996
MS,Mississippi,2020,2.41,2.8966666666666665
MS,Mississippi,2021,8.5,4.746666666666666
MS,Mississippi,2022,14.19,8.366666666666665
MS,Mississippi,2023,5.57,9.42
MS,Mississippi,2024,5.21,8.323333333333332
MT,Montana,1975,,
MT,Montana,1976,10.15,10.15
MT,Montana,1977,15.92,13.035
MT,Montana,1978,22.85,16.30666666666667
MT,Montana,1979,10.08,16.283333333333335
MT,Montana,1980,3.68,12.203333333333333
MT,Montana,1981,-0.28,4.493333333333333
MT,Montana,1982,6.35,3.25
MT,Montana,1983,-2.24,1.2766666666666666
MT,Montana,1984,13.31,5.8066666666666675
MT,Montana,1985,-2.25,2.94
MT,Montana,1986,-1.4,3.22
MT,Montana,1987,-4.92,-2.856666666666667
MT,Montana,1988,1.97,-1.4500000000000002
MT,Montana,1989,2.89,-0.020000000000000018
MT,Montana,1990,4.24,3.033333333333333
MT,Montana,1991,5.82,4.316666666666666
MT,Montana,1992,7.89,5.983333333333333
MT,Montana,1993,9.65,7.786666666666666
MT,Montana,1994,8.7,8.746666666666666
MT,Montana,1995,8.0,8.783333333333333
MT,Montana,1996,4.16,6.953333333333333
MT,Montana,1997,3.08,5.08
MT,Montana,1998,2.4,3.2133333333333334
MT,Montana,1999,2.36,2.6133333333333333
MT,Montana,2000,4.49,3.0833333333333335
MT,Montana,2001,4.7,3.85
MT,Montana,2002,4.82,4.670000000000001
MT,Montana,2003,4.57,4.696666666666666
MT,Montana,2004,9.16,6.183333333333334
MT,Montana,2005,12.95,8.893333333333333
MT,Montana,2006,11.61,11.24
MT,Montana,2007,6.52,10.36
MT,Montana,2008,1.31,6.4799999999999995
MT,Montana,2009,-2.92,1.6366666666666667
MT,Montana,2010,-4.81,-2.14
MT,Montana,2011,-3.02,-3.5833333333333335
MT,Montana,2012,0.89,-2.3133333333333335
MT,Montana,2013,3.4,0.42333333333333334
MT,Montana,2014,4.9,3.063333333333334
MT,Montana,2015,3.4,3.9
MT,Montana,2016,3.52,3.94
MT,Montana,2017,5.37,4.096666666666667
MT,Montana,2018,5.99,4.96
MT,Montana,2019,4.96,5.44
MT,Montana,2020,4.4,5.116666666666666
MT,Montana,2021,16.39,8.583333333333334
MT,Montana,2022,20.69,13.826666666666668
MT,Montana,2023,7.06,14.713333333333333
MT,Montana,2024,5.19,10.979999999999999
NC,North Carolina,1975,,
NC,North Carolina,1976,3.49,3.49
NC,North Carolina,1977,8.68,6.085
NC,North Carolina,1978,11.35,7.84
NC,North Carolina,1979,10.21,10.08
NC,North Carolina,1980,8.58,10.046666666666667
NC,North Carolina,1981,5.95,8.246666666666668
NC,North Carolina,1982,2.84,5.79
NC,North Carolina,1983,3.73,4.173333333333333
NC,North Carolina,1984,8.35,4.973333333333333
NC,North Carolina,1985,7.12,6.3999999999999995
NC,North Carolina,1986,4.74,6.736666666666667
NC,North Carolina,1987,4.82,5.56
NC,North Carolina,1988,5.08,4.88
NC,North Carolina,1989,3.02,4.3066666666666675
NC,North Carolina,1990,1.95,3.35
NC,North Carolina,1991,1.58,2.183333333333333
NC,North Carolina,1992,1.78,1.7700000000000002
NC,North Carolina,1993,1.79,1.7166666666666668
NC,North Carolina,1994,3.88,2.483333333333333
NC,North Carolina,1995,5.7,3.7900000000000005
NC,North Carolina,1996,4.01,4.53
NC,North Carolina,1997,4.73,4.8133333333333335
NC,North Carolina,1998,3.73,4.156666666666667
NC,North Carolina,1999,3.44,3.966666666666667
NC,North Carolina,2000,4.69,3.953333333333333
NC,North Carolina,2001,4.22,4.116666666666666
NC,North Carolina,2002,2.31,3.74
NC,North Carolina,2003,1.56,2.6966666666666668
NC,North Carolina,2004,3.4,2.4233333333333333
NC,North Carolina,2005,6.56,3.84
NC,North Carolina,2006,7.22,5.726666666666667
NC,North Carolina,2007,4.85,6.21
NC,North Carolina,2008,1.11,4.3933333333333335
NC,North Carolina,2009,-2.97,0.9966666666666665
NC,North Carolina,2010,-5.35,-2.4033333333333333
NC,North Carolina,2011,-3.77,-4.03
NC,North Carolina,2012,-2.53,-3.883333333333333
NC,North Carolina,2013,0.81,-1.83
NC,North Carolina,2014,2.56,0.2800000000000001
NC,North Carolina,2015,3.85,2.4066666666666667
NC,North Carolina,2016,4.62,3.6766666666666663
NC,North Carolina,2017,5.43,4.633333333333333
NC,North Carolina,2018,6.46,5.503333333333333
NC,North Carolina,2019,5.42,5.77
NC,North Carolina,2020,4.02,5.3
NC,North Carolina,2021,12.93,7.456666666666666
NC,North Carolina,2022,20.87,12.606666666666667
NC,North Carolina,2023,8.98,14.26
NC,North Carolina,2024,5.17,11.673333333333334
ND,North Dakota,1975,,
ND,North Dakota,1976,13.1,13.1
ND,North Dakota,1977,10.26,11.68
ND,North Dakota,1978,10.0,11.12
ND,North Dakota,1979,13.21,11.156666666666666
ND,North Dakota,1980,2.77,8.66
ND,North Dakota,1981,7.27,7.75
ND,North Dakota,1982,-16.65,-2.203333333333333
ND,North Dakota,1983,13.04,1.22
ND,North Dakota,1984,11.44,2.61
ND,North Dakota,1985,-1.42,7.686666666666665
ND,North Dakota,1986,-0.22,3.2666666666666657
ND,North Dakota,1987,-0.83,-0.8233333333333338
ND,North Dakota,1988,-2.21,-1.0866666666666671
ND,North Dakota,1989,2.32,-0.24000000000000052
ND,North Dakota,1990,0.87,0.32666666666666605
ND,North Dakota,1991,2.72,1.9699999999999995
ND,North Dakota,1992,2.48,2.023333333333333
ND,North Dakota,1993,4.72,3.306666666666666
ND,North Dakota,1994,5.03,4.076666666666665
ND,North Dakota,1995,5.59,5.113333333333332
ND,North Dakota,1996,3.72,4.779999999999999
ND,North Dakota,1997,2.79,4.033333333333333
ND,North Dakota,1998,3.79,3.433333333333333
ND,North Dakota,1999,1.77,2.7833333333333328
ND,North Dakota,2000,2.93,2.8299999999999996
ND,North Dakota,2001,3.98,2.8933333333333326
ND,North Dakota,2002,3.97,3.6266666666666665
ND,North Dakota,2003,3.54,3.8299999999999996
ND,North Dakota,2004,6.53,4.68
ND,North Dakota,2005,8.25,6.1066666666666665
ND,North Dakota,2006,6.54,7.1066666666666665
ND,North Dakota,2007,4.46,6.416666666666667
ND,North Dakota,2008,2.61,4.536666666666666
ND,North Dakota,2009,1.04,2.7033333333333327
ND,North Dakota,2010,1.27,1.6399999999999995
ND,North Dakota,2011,3.33,1.8799999999999997
ND,North Dakota,2012,5.33,3.31
ND,North Dakota,2013,8.56,5.739999999999999
ND,North Dakota,2014,7.85,7.246666666666666
ND,North Dakota,2015,4.45,6.953333333333332
ND,North Dakota,2016,2.33,4.876666666666666
ND,North Dakota,2017,1.12,2.633333333333333
ND,North Dakota,2018,1.42,1.6233333333333329
ND,North Dakota,2019,2.26,1.5999999999999994
ND,North Dakota,2020,1.04,1.5733333333333326
ND,North Dakota,2021,4.94,2.746666666666666
ND,North Dakota,2022,10.45,5.476666666666667
ND,North Dakota,2023,5.02,6.803333333333332
ND,North Dakota,2024,4.39,6.619999999999998
NE,Nebraska,1975,,
NE,Nebraska,1976,7.67,7.67
NE,Nebraska,1977,11.89,9.780000000000001
NE,Nebraska,1978,12.16,10.573333333333332
NE,Nebraska,1979,12.56,12.203333333333333
NE,Nebraska,1980,7.55,10.756666666666666
NE,Nebraska,1981,-0.67,6.48
NE,Nebraska,1982,7.22,4.7
NE,Nebraska,1983,1.91,2.82
NE,Nebraska,1984,1.85,3.66
NE,Nebraska,1985,0.67,1.4766666666666666
NE,Nebraska,1986,1.29,1.27
NE,Nebraska,1987,0.6,0.8533333333333334
NE,Nebraska,1988,1.18,1.0233333333333334
NE,Nebraska,1989,3.18,1.6533333333333335
NE,Nebraska,1990,3.83,2.7300000000000004
NE,Nebraska,1991,3.01,3.3400000000000003
NE,Nebraska,1992,3.65,3.4966666666666666
NE,Nebraska,1993,4.6,3.7533333333333334
NE,Nebraska,1994,5.88,4.71
NE,Nebraska,1995,6.91,5.796666666666667
NE,Nebraska,1996,4.69,5.826666666666667
NE,Nebraska,1997,5.42,5.673333333333335
NE,Nebraska,1998,3.74,4.616666666666667
NE,Nebraska,1999,4.02,4.3933333333333335
NE,Nebraska,2000,4.16,3.973333333333333
NE,Nebraska,2001,3.71,3.9633333333333334
NE,Nebraska,2002,2.63,3.5
NE,Nebraska,2003,1.76,2.6999999999999997
NE,Nebraska,2004,4.46,2.9499999999999997
NE,Nebraska,2005,4.6,3.606666666666667
NE,Nebraska,2006,1.92,3.66
NE,Nebraska,2007,1.08,2.533333333333333
NE,Nebraska,2008,-0.5,0.8333333333333334
NE,Nebraska,2009,-0.71,-0.0433333333333333
NE,Nebraska,2010,-0.9,-0.7033333333333333
NE,Nebraska,2011,-0.48,-0.6966666666666667
NE,Nebraska,2012,0.66,-0.24
NE,Nebraska,2013,2.32,0.8333333333333334
NE,Nebraska,2014,3.81,2.263333333333333
NE,Nebraska,2015,3.96,3.3633333333333333
NE,Nebraska,2016,4.18,3.983333333333333
NE,Nebraska,2017,5.84,4.66
NE,Nebraska,2018,5.24,5.086666666666667
NE,Nebraska,2019,5.15,5.41
NE,Nebraska,2020,3.1,4.496666666666667
NE,Nebraska,2021,10.55,6.266666666666667
NE,Nebraska,2022,14.56,9.403333333333334
NE,Nebraska,2023,8.3,11.136666666666665
NE,Nebraska,2024,4.98,9.280000000000001
NH,New Hampshire,1975,,
NH,New Hampshire,1976,3.62,3.62
NH,New Hampshire,1977,9.58,6.6
NH,New Hampshire,1978,11.41,8.203333333333333
NH,New Hampshire,1979,19.38,13.456666666666669
NH,New Hampshire,1980,7.52,12.770000000000001
NH,New Hampshire,1981,4.31,10.403333333333334
NH,New Hampshire,1982,4.31,5.38
NH,New Hampshire,1983,5.61,4.743333333333335
NH,New Hampshire,1984,17.15,9.023333333333335
NH,New Hampshire,1985,18.12,13.62666666666667
NH,New Hampshire,1986,19.63,18.3
NH,New Hampshire,1987,12.89,16.88
NH,New Hampshire,1988,4.94,12.486666666666666
NH,New Hampshire,1989,0.2,6.010000000000002
NH,New Hampshire,1990,-6.43,-0.42999999999999855
NH,New Hampshire,1991,-8.56,-4.929999999999999
NH,New Hampshire,1992,-3.57,-6.186666666666665
NH,New Hampshire,1993,-1.19,-4.439999999999999
NH,New Hampshire,1994,-0.59,-1.7833333333333325
NH,New Hampshire,1995,1.46,-0.10666666666666602
NH,New Hampshire,1996,2.96,1.2766666666666673
NH,New Hampshire,1997,3.58,2.6666666666666674
NH,New Hampshire,1998,5.98,4.173333333333335
NH,New Hampshire,1999,7.59,5.716666666666668
NH,New Hampshire,2000,15.16,9.576666666666668
NH,New Hampshire,2001,11.58,11.443333333333335
NH,New Hampshire,2002,10.98,12.573333333333336
NH,New Hampshire,2003,7.15,9.903333333333334
NH,New Hampshire,2004,11.26,9.796666666666667
NH,New Hampshire,2005,10.83,9.746666666666668
NH,New Hampshire,2006,2.99,8.360000000000001
NH,New Hampshire,2007,-1.81,4.003333333333335
NH,New Hampshire,2008,-3.93,-0.9166666666666655
NH,New Hampshire,2009,-7.55,-4.429999999999999
NH,New Hampshire,2010,-4.32,-5.266666666666666
NH,New Hampshire,2011,-3.3,-5.056666666666666
NH,New Hampshire,2012,-2.41,-3.3433333333333324
NH,New Hampshire,2013,0.68,-1.6766666666666656
NH,New Hampshire,2014,3.85,0.7066666666666679
NH,New Hampshire,2015,3.59,2.7066666666666683
NH,New Hampshire,2016,3.89,3.7766666666666677
NH,New Hampshire,2017,5.59,4.356666666666668
NH,New Hampshire,2018,6.02,5.166666666666668
NH,New Hampshire,2019,5.13,5.580000000000001
NH,New Hampshire,2020,5.03,5.393333333333334
NH,New Hampshire,2021,14.21,8.123333333333335
NH,New Hampshire,2022,16.24,11.826666666666668
NH,New Hampshire,2023,10.36,13.603333333333333
NH,New Hampshire,2024,8.3,11.633333333333335
NJ,New Jersey,1975,,
NJ,New Jersey,1976,4.03,4.03
NJ,New Jersey,1977,4.98,4.505000000000001
NJ,New Jersey,1978,12.87,7.293333333333333
NJ,New Jersey,1979,19.9,12.583333333333334
NJ,New Jersey,1980,14.28,15.683333333333332
NJ,New Jersey,1981,6.37,13.516666666666666
NJ,New Jersey,1982,2.18,7.609999999999999
NJ,New Jersey,1983,5.27,4.6066666666666665
NJ,New Jersey,1984,15.51,7.653333333333333
NJ,New Jersey,1985,15.04,11.94
NJ,New Jersey,1986,19.17,16.573333333333334
NJ,New Jersey,1987,18.41,17.540000000000003
NJ,New Jersey,1988,10.87,16.150000000000002
NJ,New Jersey,1989,0.23,9.836666666666668
NJ,New Jersey,1990,-3.46,2.5466666666666673
NJ,New Jersey,1991,-4.04,-2.423333333333332
NJ,New Jersey,1992,0.63,-2.2899999999999987
NJ,New Jersey,1993,0.76,-0.883333333333332
NJ,New Jersey,1994,0.08,0.4900000000000013
NJ,New Jersey,1995,0.01,0.28333333333333466
NJ,New Jersey,1996,1.75,0.6133333333333346
NJ,New Jersey,1997,1.57,1.1100000000000012
NJ,New Jersey,1998,3.53,2.2833333333333345
NJ,New Jersey,1999,4.41,3.1700000000000017
NJ,New Jersey,2000,10.57,6.170000000000002
NJ,New Jersey,2001,9.67,8.216666666666669
NJ,New Jersey,2002,10.92,10.386666666666668
NJ,New Jersey,2003,7.96,9.516666666666667
NJ,New Jersey,2004,14.59,11.156666666666666
NJ,New Jersey,2005,16.47,13.006666666666668
NJ,New Jersey,2006,8.78,13.280000000000001
NJ,New Jersey,2007,-0.37,8.293333333333335
NJ,New Jersey,2008,-4.71,1.2333333333333343
NJ,New Jersey,2009,-8.46,-4.513333333333333
NJ,New Jersey,2010,-3.91,-5.6933333333333325
NJ,New Jersey,2011,-4.28,-5.55
NJ,New Jersey,2012,-3.59,-3.926666666666666
NJ,New Jersey,2013,0.37,-2.4999999999999987
NJ,New Jersey,2014,2.79,-0.14333333333333206
NJ,New Jersey,2015,2.29,1.816666666666668
NJ,New Jersey,2016,2.31,2.4633333333333347
NJ,New Jersey,2017,2.18,2.260000000000001
NJ,New Jersey,2018,3.33,2.606666666666668
NJ,New Jersey,2019,3.32,2.9433333333333347
NJ,New Jersey,2020,3.24,3.296666666666668
NJ,New Jersey,2021,10.81,5.790000000000002
NJ,New Jersey,2022,14.96,9.670000000000002
NJ,New Jersey,2023,10.46,12.076666666666668
NJ,New Jersey,2024,9.15,11.523333333333335
NM,New Mexico,1975,,
NM,New Mexico,1976,9.41,9.41
NM,New Mexico,1977,15.67,12.54
NM,New Mexico,1978,9.99,11.69
NM,New Mexico,1979,15.47,13.71
NM,New Mexico,1980,9.62,11.693333333333333
NM,New Mexico,1981,11.78,12.29
NM,New Mexico,1982,5.94,9.113333333333333
NM,New Mexico,1983,5.47,7.7299999999999995
NM,New Mexico,1984,0.26,3.89
NM,New Mexico,1985,1.61,2.4466666666666668
NM,New Mexico,1986,3.25,1.7066666666666668
NM,New Mexico,1987,0.05,1.6366666666666667
NM,New Mexico,1988,-2.0,0.43333333333333335
NM,New Mexico,1989,2.03,0.026666666666666616
NM,New Mexico,1990,0.93,0.31999999999999995
NM,New Mexico,1991,3.1,2.02
NM,New Mexico,1992,4.38,2.8033333333333332
NM,New Mexico,1993,5.8,4.426666666666667
NM,New Mexico,1994,8.81,6.330000000000001
NM,New Mexico,1995,7.92,7.510000000000001
NM,New Mexico,1996,2.0,6.243333333333332
NM,New Mexico,1997,2.0,3.973333333333333
NM,New Mexico,1998,1.36,1.7866666666666668
NM,New Mexico,1999,1.12,1.4933333333333334
NM,New Mexico,2000,1.87,1.4500000000000002
NM,New Mexico,2001,3.58,2.19
NM,New Mexico,2002,3.17,2.8733333333333335
NM,New Mexico,2003,3.63,3.4599999999999995
NM,New Mexico,2004,6.84,4.546666666666667
NM,New Mexico,2005,12.29,7.586666666666666
NM,New Mexico,2006,13.11,10.746666666666668
NM,New Mexico,2007,5.58,10.326666666666666
NM,New Mexico,2008,-0.96,5.91
NM,New Mexico,2009,-5.1,-0.15999999999999925
NM,New Mexico,2010,-4.22,-3.426666666666666
NM,New Mexico,2011,-4.3,-4.539999999999999
NM,New Mexico,2012,-2.78,-3.766666666666666
NM,New Mexico,2013,0.91,-2.056666666666666
NM,New Mexico,2014,1.32,-0.18333333333333268
NM,New Mexico,2015,1.61,1.2800000000000005
NM,New Mexico,2016,2.74,1.8900000000000006
NM,New Mexico,2017,3.28,2.5433333333333334
NM,New Mexico,2018,3.95,3.323333333333334
NM,New Mexico,2019,4.88,4.036666666666667
NM,New Mexico,2020,4.75,4.526666666666667
NM,New Mexico,2021,11.36,6.996666666666667
NM,New Mexico,2022,14.7,10.270000000000001
NM,New Mexico,2023,8.06,11.373333333333335
NM,New Mexico,2024,5.27,9.343333333333334
NV,Nevada,1975,,
NV,Nevada,1976,9.76,9.76
NV,Nevada,1977,16.66,13.21
NV,Nevada,1978,18.91,15.11
NV,Nevada,1979,19.56,18.376666666666665
NV,Nevada,1980,5.77,14.746666666666664
NV,Nevada,1981,11.91,12.413333333333332
NV,Nevada,1982,5.41,7.696666666666665
NV,Nevada,1983,-2.37,4.983333333333332
NV,Nevada,1984,-0.43,0.8699999999999988
NV,Nevada,1985,1.26,-0.5133333333333345
NV,Nevada,1986,3.85,1.5599999999999987
NV,Nevada,1987,1.52,2.2099999999999986
NV,Nevada,1988,2.45,2.6066666666666656
NV,Nevada,1989,4.99,2.986666666666666
NV,Nevada,1990,7.54,4.993333333333332
NV,Nevada,1991,5.5,6.009999999999999
NV,Nevada,1992,2.95,5.329999999999999
NV,Nevada,1993,1.7,3.3833333333333315
NV,Nevada,1994,1.54,2.063333333333332
NV,Nevada,1995,4.06,2.4333333333333322
NV,Nevada,1996,2.34,2.646666666666665
NV,Nevada,1997,2.48,2.9599999999999986
NV,Nevada,1998,2.08,2.299999999999999
NV,Nevada,1999,1.3,1.9533333333333323
NV,Nevada,2000,3.65,2.343333333333332
NV,Nevada,2001,6.12,3.689999999999999
NV,Nevada,2002,6.01,5.259999999999999
NV,Nevada,2003,6.23,6.119999999999998
NV,Nevada,2004,27.75,13.329999999999998
NV,Nevada,2005,25.21,19.73
NV,Nevada,2006,8.45,20.47
NV,Nevada,2007,-3.86,9.933333333333332
NV,Nevada,2008,-18.55,-4.653333333333336
NV,Nevada,2009,-23.07,-15.160000000000002
NV,Nevada,2010,-14.14,-18.58666666666667
NV,Nevada,2011,-12.87,-16.69333333333334
NV,Nevada,2012,-1.43,-9.480000000000002
NV,Nevada,2013,15.57,0.4233333333333314
NV,Nevada,2014,18.01,10.716666666666663
NV,Nevada,2015,9.92,14.499999999999998
NV,Nevada,2016,9.37,12.433333333333332
NV,Nevada,2017,9.57,9.619999999999997
NV,Nevada,2018,13.05,10.66333333333333
NV,Nevada,2019,6.24,9.619999999999997
NV,Nevada,2020,3.07,7.4533333333333305
NV,Nevada,2021,15.88,8.396666666666665
NV,Nevada,2022,18.32,12.423333333333332
NV,Nevada,2023,0.37,11.523333333333332
NV,Nevada,2024,5.8,8.163333333333332
NY,New York,1975,,
NY,New York,1976,-4.81,-4.81
NY,New York,1977,10.78,2.985
NY,New York,1978,2.93,2.966666666666667
NY,New York,1979,13.93,9.213333333333333
NY,New York,1980,14.22,10.36
NY,New York,1981,5.05,11.066666666666668
NY,New York,1982,10.92,10.063333333333334
NY,New York,1983,9.54,8.503333333333332
NY,New York,1984,17.54,12.666666666666666
NY,New York,1985,16.1,14.393333333333333
NY,New York,1986,17.6,17.080000000000002
NY,New York,1987,14.41,16.036666666666665
NY,New York,1988,9.02,13.676666666666668
NY,New York,1989,1.18,8.203333333333333
NY,New York,1990,-0.92,3.0933333333333333
NY,New York,1991,-1.46,-0.4000000000000001
NY,New York,1992,1.13,-0.4166666666666667
NY,New York,1993,-0.15,-0.16000000000000006
NY,New York,1994,-1.8,-0.27333333333333343
NY,New York,1995,-0.39,-0.7800000000000001
NY,New York,1996,1.56,-0.2100000000000001
NY,New York,1997,0.91,0.6933333333333332
NY,New York,1998,4.2,2.223333333333333
NY,New York,1999,5.1,3.403333333333333
NY,New York,2000,11.29,6.863333333333332
NY,New York,2001,8.3,8.229999999999999
NY,New York,2002,8.91,9.5
NY,New York,2003,8.15,8.453333333333333
NY,New York,2004,11.94,9.666666666666666
NY,New York,2005,13.52,11.203333333333333
NY,New York,2006,6.53,10.663333333333332
NY,New York,2007,0.23,6.759999999999999
NY,New York,2008,-2.57,1.3966666666666667
NY,New York,2009,-5.73,-2.69
NY,New York,2010,-3.01,-3.77
NY,New York,2011,-2.38,-3.706666666666667
NY,New York,2012,-2.46,-2.6166666666666667
NY,New York,2013,0.76,-1.36
NY,New York,2014,2.44,0.24666666666666673
NY,New York,2015,2.8,2.0
NY,New York,2016,3.26,2.8333333333333335
NY,New York,2017,4.62,3.56
NY,New York,2018,5.46,4.446666666666666
NY,New York,2019,3.78,4.62
NY,New York,2020,3.32,4.1866666666666665
NY,New York,2021,9.39,5.496666666666667
NY,New York,2022,12.77,8.493333333333334
NY,New York,2023,8.13,10.096666666666666
NY,New York,2024,7.51,9.47
OH,Ohio,1975,,
OH,Ohio,1976,7.37,7.37
OH,Ohio,1977,11.04,9.205
OH,Ohio,1978,13.95,10.786666666666667
OH,Ohio,1979,12.12,12.37
OH,Ohio,1980,3.92,9.996666666666666
OH,Ohio,1981,1.64,5.8933333333333335
OH,Ohio,1982,-5.94,-0.12666666666666693
OH,Ohio,1983,8.7,1.4666666666666661
OH,Ohio,1984,2.31,1.6899999999999995
OH,Ohio,1985,2.05,4.353333333333333
OH,Ohio,1986,3.72,2.693333333333333
OH,Ohio,1987,5.39,3.7199999999999993
OH,Ohio,1988,7.51,5.539999999999999
OH,Ohio,1989,5.19,6.03
OH,Ohio,1990,4.24,5.646666666666666
OH,Ohio,1991,3.55,4.326666666666667
OH,Ohio,1992,3.17,3.653333333333333
OH,Ohio,1993,3.24,3.32
OH,Ohio,1994,4.07,3.4933333333333336
OH,Ohio,1995,5.3,4.203333333333333
OH,Ohio,1996,4.36,4.576666666666667
OH,Ohio,1997,4.32,4.66
OH,Ohio,1998,3.57,4.083333333333333
OH,Ohio,1999,3.49,3.793333333333333
OH,Ohio,2000,4.68,3.9133333333333327
OH,Ohio,2001,4.25,4.14
OH,Ohio,2002,2.32,3.7499999999999996
OH,Ohio,2003,1.65,2.7399999999999998
OH,Ohio,2004,3.11,2.3599999999999994
OH,Ohio,2005,3.53,2.7633333333333323
OH,Ohio,2006,0.69,2.443333333333333
OH,Ohio,2007,-1.2,1.0066666666666662
OH,Ohio,2008,-2.4,-0.9700000000000006
OH,Ohio,2009,-3.16,-2.253333333333334
OH,Ohio,2010,-3.44,-3.0000000000000004
OH,Ohio,2011,-3.69,-3.430000000000001
OH,Ohio,2012,-1.64,-2.923333333333334
OH,Ohio,2013,0.23,-1.7000000000000008
OH,Ohio,2014,3.3,0.6299999999999993
OH,Ohio,2015,3.44,2.3233333333333324
OH,Ohio,2016,3.89,3.543333333333333
OH,Ohio,2017,4.91,4.079999999999999
OH,Ohio,2018,5.81,4.869999999999999
OH,Ohio,2019,4.86,5.1933333333333325
OH,Ohio,2020,4.33,4.999999999999999
OH,Ohio,2021,11.2,6.796666666666666
OH,Ohio,2022,13.82,9.783333333333331
OH,Ohio,2023,8.14,11.053333333333333
OH,Ohio,2024,6.88,9.613333333333332
OK,Oklahoma,1975,,
OK,Oklahoma,1976,12.05,12.05
OK,Oklahoma,1977,9.46,10.755
OK,Oklahoma,1978,21.85,14.453333333333333
OK,Oklahoma,1979,15.48,15.59666666666667
OK,Oklahoma,1980,10.61,15.979999999999999
OK,Oklahoma,1981,9.49,11.86
OK,Oklahoma,1982,9.55,9.883333333333333
OK,Oklahoma,1983,3.49,7.510000000000001
OK,Oklahoma,1984,-3.2,3.28
OK,Oklahoma,1985,-3.81,-1.1733333333333333
OK,Oklahoma,1986,-2.61,-3.2066666666666666
OK,Oklahoma,1987,-7.08,-4.5
OK,Oklahoma,1988,-8.7,-6.13
OK,Oklahoma,1989,2.59,-4.3966666666666665
OK,Oklahoma,1990,1.22,-1.63
OK,Oklahoma,1991,3.23,2.3466666666666667
OK,Oklahoma,1992,2.81,2.42
OK,Oklahoma,1993,3.62,3.22
OK,Oklahoma,1994,3.74,3.39
OK,Oklahoma,1995,3.71,3.69
OK,Oklahoma,1996,3.63,3.6933333333333334
OK,Oklahoma,1997,3.09,3.4766666666666666
OK,Oklahoma,1998,4.12,3.6133333333333333
OK,Oklahoma,1999,3.67,3.626666666666667
OK,Oklahoma,2000,4.69,4.16
OK,Oklahoma,2001,4.96,4.44
OK,Oklahoma,2002,3.33,4.326666666666667
OK,Oklahoma,2003,2.83,3.7066666666666666
OK,Oklahoma,2004,3.98,3.3800000000000003
OK,Oklahoma,2005,5.02,3.9433333333333334
OK,Oklahoma,2006,4.63,4.543333333333333
OK,Oklahoma,2007,3.99,4.546666666666667
OK,Oklahoma,2008,1.72,3.4466666666666668
OK,Oklahoma,2009,-0.19,1.84
OK,Oklahoma,2010,-0.65,0.2933333333333333
OK,Oklahoma,2011,-1.62,-0.82
OK,Oklahoma,2012,0.9,-0.4566666666666667
OK,Oklahoma,2013,1.7,0.3266666666666666
OK,Oklahoma,2014,3.14,1.9133333333333333
OK,Oklahoma,2015,3.55,2.796666666666667
OK,Oklahoma,2016,2.45,3.046666666666667
OK,Oklahoma,2017,3.38,3.1266666666666665
OK,Oklahoma,2018,2.93,2.9200000000000004
OK,Oklahoma,2019,3.77,3.36
OK,Oklahoma,2020,3.84,3.5133333333333336
OK,Oklahoma,2021,10.09,5.8999999999999995
OK,Oklahoma,2022,15.27,9.733333333333333
OK,Oklahoma,2023,7.43,10.93
OK,Oklahoma,2024,4.38,9.026666666666666
OR,Oregon,1975,,
OR,Oregon,1976,13.64,13.64
OR,Oregon,1977,20.46,17.05
OR,Oregon,1978,19.94,18.013333333333335
OR,Oregon,1979,13.97,18.123333333333335
OR,Oregon,1980,5.35,13.086666666666668
OR,Oregon,1981,-6.79,4.176666666666667
OR,Oregon,1982,2.61,0.38999999999999985
OR,Oregon,1983,2.62,-0.5199999999999999
OR,Oregon,1984,-1.99,1.08
OR,Oregon,1985,0.01,0.2133333333333335
OR,Oregon,1986,-0.39,-0.7899999999999999
OR,Oregon,1987,1.33,0.3166666666666668
OR,Oregon,1988,3.76,1.5666666666666667
OR,Oregon,1989,9.57,4.886666666666667
OR,Oregon,1990,14.01,9.113333333333333
OR,Oregon,1991,9.05,10.876666666666667
OR,Oregon,1992,6.29,9.783333333333333
OR,Oregon,1993,7.16,7.5
OR,Oregon,1994,8.59,7.346666666666667
OR,Oregon,1995,11.02,8.923333333333334
OR,Oregon,1996,6.38,8.663333333333332
OR,Oregon,1997,6.6,8.0
OR,Oregon,1998,3.55,5.510000000000001
OR,Oregon,1999,2.39,4.180000000000001
OR,Oregon,2000,3.84,3.26
OR,Oregon,2001,4.55,3.5933333333333337
OR,Oregon,2002,3.58,3.9899999999999998
OR,Oregon,2003,2.97,3.6999999999999997
OR,Oregon,2004,9.04,5.196666666666666
OR,Oregon,2005,17.05,9.686666666666667
OR,Oregon,2006,16.51,14.200000000000001
OR,Oregon,2007,5.21,12.923333333333334
OR,Oregon,2008,-2.83,6.296666666666666
OR,Oregon,2009,-9.88,-2.5000000000000013
OR,Oregon,2010,-8.16,-6.956666666666668
OR,Oregon,2011,-6.93,-8.323333333333334
OR,Oregon,2012,-1.57,-5.553333333333335
OR,Oregon,2013,6.23,-0.7566666666666677
OR,Oregon,2014,9.59,4.749999999999999
OR,Oregon,2015,7.89,7.903333333333332
OR,Oregon,2016,10.99,9.489999999999998
OR,Oregon,2017,7.97,8.949999999999998
OR,Oregon,2018,6.25,8.40333333333333
OR,Oregon,2019,4.37,6.196666666666665
OR,Oregon,2020,3.42,4.679999999999999
OR,Oregon,2021,13.69,7.159999999999999
OR,Oregon,2022,14.18,10.429999999999998
OR,Oregon,2023,0.85,9.573333333333332
OR,Oregon,2024,2.2,5.743333333333331
PA,Pennsylvania,1975,,
PA,Pennsylvania,1976,5.55,5.55
PA,Pennsylvania,1977,5.91,5.73
PA,Pennsylvania,1978,8.26,6.573333333333333
PA,Pennsylvania,1979,11.92,8.696666666666665
PA,Pennsylvania,1980,5.14,8.44
PA,Pennsylvania,1981,3.93,6.996666666666666
PA,Pennsylvania,1982,1.4,3.4899999999999998
PA,Pennsylvania,1983,5.96,3.763333333333333
PA,Pennsylvania,1984,6.02,4.46
PA,Pennsylvania,1985,6.25,6.076666666666667
PA,Pennsylvania,1986,8.05,6.773333333333333
PA,Pennsylvania,1987,12.47,8.923333333333334
PA,Pennsylvania,1988,15.42,11.979999999999999
PA,Pennsylvania,1989,6.23,11.373333333333335
PA,Pennsylvania,1990,2.14,7.930000000000001
PA,Pennsylvania,1991,1.37,3.2466666666666666
PA,Pennsylvania,1992,1.62,1.7100000000000002
PA,Pennsylvania,1993,1.01,1.3333333333333333
PA,Pennsylvania,1994,0.14,0.9233333333333333
PA,Pennsylvania,1995,0.93,0.6933333333333334
PA,Pennsylvania,1996,1.7,0.9233333333333333
PA,Pennsylvania,1997,1.36,1.33
PA,Pennsylvania,1998,2.78,1.9466666666666665
PA,Pennsylvania,1999,2.43,2.19
PA,Pennsylvania,2000,4.52,3.2433333333333336
PA,Pennsylvania,2001,6.13,4.36
PA,Pennsylvania,2002,5.61,5.420000000000001
PA,Pennsylvania,2003,4.65,5.463333333333334
PA,Pennsylvania,2004,9.68,6.646666666666667
PA,Pennsylvania,2005,11.82,8.716666666666667
PA,Pennsylvania,2006,7.76,9.753333333333334
PA,Pennsylvania,2007,2.39,7.323333333333333
PA,Pennsylvania,2008,-0.87,3.0933333333333333
PA,Pennsylvania,2009,-3.34,-0.6066666666666666
PA,Pennsylvania,2010,-2.55,-2.2533333333333334
PA,Pennsylvania,2011,-2.4,-2.763333333333333
PA,Pennsylvania,2012,-1.72,-2.223333333333333
PA,Pennsylvania,2013,0.78,-1.1133333333333333
PA,Pennsylvania,2014,1.89,0.31666666666666665
PA,Pennsylvania,2015,2.27,1.6466666666666665
PA,Pennsylvania,2016,2.46,2.2066666666666666
PA,Pennsylvania,2017,3.62,2.783333333333333
PA,Pennsylvania,2018,4.37,3.483333333333334
PA,Pennsylvania,2019,3.96,3.983333333333333
PA,Pennsylvania,2020,3.58,3.97
PA,Pennsylvania,2021,9.92,5.82
PA,Pennsylvania,2022,13.01,8.836666666666666
PA,Pennsylvania,2023,7.41,10.113333333333335
PA,Pennsylvania,2024,5.99,8.803333333333333
RI,Rhode Island,1975,,
RI,Rhode Island,1976,4.07,4.07
RI,Rhode Island,1977,8.12,6.095
RI,Rhode Island,1978,13.67,8.62
RI,Rhode Island,1979,12.15,11.313333333333333
RI,Rhode Island,1980,8.34,11.386666666666668
RI,Rhode Island,1981,2.53,7.673333333333333
RI,Rhode Island,1982,3.75,4.873333333333333
RI,Rhode Island,1983,7.85,4.71
RI,Rhode Island,1984,9.02,6.873333333333332
RI,Rhode Island,1985,12.27,9.713333333333333
RI,Rhode Island,1986,19.81,13.699999999999998
RI,Rhode Island,1987,27.0,19.69333333333333
RI,Rhode Island,1988,16.27,21.026666666666667
RI,Rhode Island,1989,3.97,15.746666666666668
RI,Rhode Island,1990,-1.49,6.25
RI,Rhode Island,1991,-4.08,-0.5333333333333332
RI,Rhode Island,1992,-2.33,-2.6333333333333333
RI,Rhode Island,1993,-1.03,-2.48
RI,Rhode Island,1994,-1.79,-1.7166666666666668
RI,Rhode Island,1995,-0.38,-1.0666666666666667
RI,Rhode Island,1996,0.81,-0.4533333333333333
RI,Rhode Island,1997,0.41,0.28
RI,Rhode Island,1998,3.07,1.43
RI,Rhode Island,1999,3.65,2.3766666666666665
RI,Rhode Island,2000,11.91,6.21
RI,Rhode Island,2001,11.33,8.963333333333333
RI,Rhode Island,2002,14.55,12.596666666666666
RI,Rhode Island,2003,11.24,12.373333333333335
RI,Rhode Island,2004,18.87,14.886666666666668
RI,Rhode Island,2005,14.47,14.86
RI,Rhode Island,2006,3.95,12.430000000000001
RI,Rhode Island,2007,-2.71,5.236666666666667
RI,Rhode Island,2008,-7.3,-2.02
RI,Rhode Island,2009,-9.68,-6.563333333333333
RI,Rhode Island,2010,-4.53,-7.169999999999999
RI,Rhode Island,2011,-4.72,-6.31
RI,Rhode Island,2012,-3.82,-4.3566666666666665
RI,Rhode Island,2013,-0.15,-2.8966666666666665
RI,Rhode Island,2014,3.02,-0.3166666666666666
RI,Rhode Island,2015,4.43,2.433333333333333
RI,Rhode Island,2016,4.71,4.053333333333334
RI,Rhode Island,2017,5.88,5.006666666666667
RI,Rhode Island,2018,6.33,5.640000000000001
RI,Rhode Island,2019,4.44,5.55
RI,Rhode Island,2020,4.32,5.03
RI,Rhode Island,2021,13.44,7.400000000000001
RI,Rhode Island,2022,15.86,11.206666666666665
RI,Rhode Island,2023,9.56,12.953333333333333
RI,Rhode Island,2024,9.11,11.51
SC,South Carolina,1975,,
SC,South Carolina,1976,4.76,4.76
SC,South Carolina,1977,6.57,5.665
SC,South Carolina,1978,9.52,6.95
SC,South Carolina,1979,10.87,8.986666666666666
SC,South Carolina,1980,9.59,9.993333333333334
SC,South Carolina,1981,10.47,10.31
SC,South Carolina,1982,2.93,7.663333333333334
SC,South Carolina,1983,3.22,5.54
SC,South Carolina,1984,3.13,3.0933333333333337
SC,South Carolina,1985,3.89,3.4133333333333336
SC,South Carolina,1986,3.34,3.453333333333333
SC,South Carolina,1987,4.09,3.7733333333333334
SC,South Carolina,1988,4.51,3.979999999999999
SC,South Carolina,1989,3.86,4.153333333333333
SC,South Carolina,1990,3.06,3.81
SC,South Carolina,1991,2.29,3.07
SC,South Carolina,1992,2.07,2.473333333333333
SC,South Carolina,1993,1.61,1.9899999999999995
SC,South Carolina,1994,2.2,1.9599999999999997
SC,South Carolina,1995,3.74,2.516666666666666
SC,South Carolina,1996,3.91,3.283333333333333
SC,South Carolina,1997,4.4,4.016666666666667
SC,South Carolina,1998,4.43,4.246666666666666
SC,South Carolina,1999,4.71,4.513333333333333
SC,South Carolina,2000,5.45,4.863333333333333
SC,South Carolina,2001,5.06,5.073333333333333
SC,South Carolina,2002,2.69,4.3999999999999995
SC,South Carolina,2003,1.95,3.233333333333333
SC,South Carolina,2004,4.09,2.9099999999999997
SC,South Carolina,2005,7.5,4.513333333333333
SC,South Carolina,2006,7.59,6.3933333333333335
SC,South Carolina,2007,3.97,6.353333333333333
SC,South Carolina,2008,0.62,4.06
SC,South Carolina,2009,-2.98,0.5366666666666665
SC,South Carolina,2010,-5.47,-2.61
SC,South Carolina,2011,-3.99,-4.146666666666667
SC,South Carolina,2012,-2.03,-3.8300000000000005
SC,South Carolina,2013,0.48,-1.846666666666667
SC,South Carolina,2014,2.89,0.4466666666666665
SC,South Carolina,2015,4.57,2.6466666666666665
SC,South Carolina,2016,4.71,4.056666666666666
SC,South Carolina,2017,5.54,4.9399999999999995
SC,South Carolina,2018,5.93,5.3933333333333335
SC,South Carolina,2019,5.13,5.533333333333332
SC,South Carolina,2020,3.49,4.8500000000000005
SC,South Carolina,2021,11.69,6.77
SC,South Carolina,2022,19.6,11.593333333333334
SC,South Carolina,2023,9.76,13.683333333333332
SC,South Carolina,2024,5.62,11.660000000000002
SD,South Dakota,1975,,
SD,South Dakota,1976,0.54,0.54
SD,South Dakota,1977,10.33,5.4350000000000005
SD,South Dakota,1978,11.99,7.62
SD,South Dakota,1979,13.07,11.796666666666667
SD,South Dakota,1980,6.4,10.486666666666666
SD,South Dakota,1981,-2.75,5.573333333333333
SD,South Dakota,1982,12.96,5.536666666666666
SD,South Dakota,1983,-7.47,0.9133333333333331
SD,South Dakota,1984,13.37,6.286666666666666
SD,South Dakota,1985,-0.47,1.809999999999999
SD,South Dakota,1986,2.7,5.199999999999999
SD,South Dakota,1987,2.87,1.6999999999999993
SD,South Dakota,1988,-2.3,1.0899999999999992
SD,South Dakota,1989,3.15,1.239999999999999
SD,South Dakota,1990,4.27,1.7066666666666659
SD,South Dakota,1991,4.31,3.909999999999999
SD,South Dakota,1992,5.08,4.553333333333332
SD,South Dakota,1993,6.41,5.266666666666666
SD,South Dakota,1994,6.17,5.886666666666666
SD,South Dakota,1995,5.11,5.896666666666666
SD,South Dakota,1996,3.61,4.963333333333332
SD,South Dakota,1997,4.03,4.249999999999999
SD,South Dakota,1998,3.19,3.609999999999999
SD,South Dakota,1999,3.14,3.4533333333333327
SD,South Dakota,2000,4.89,3.7399999999999984
SD,South Dakota,2001,4.21,4.079999999999999
SD,South Dakota,2002,3.54,4.213333333333332
SD,South Dakota,2003,2.43,3.393333333333332
SD,South Dakota,2004,5.45,3.806666666666666
SD,South Dakota,2005,6.93,4.936666666666666
SD,South Dakota,2006,4.91,5.763333333333333
SD,South Dakota,2007,3.64,5.159999999999999
SD,South Dakota,2008,2.1,3.549999999999999
SD,South Dakota,2009,-0.05,1.8966666666666656
SD,South Dakota,2010,-1.25,0.2666666666666655
SD,South Dakota,2011,-0.13,-0.4766666666666679
SD,South Dakota,2012,1.18,-0.06666666666666783
SD,South Dakota,2013,3.04,1.3633333333333322
SD,South Dakota,2014,3.36,2.5266666666666655
SD,South Dakota,2015,3.57,3.323333333333332
SD,South Dakota,2016,4.46,3.7966666666666655
SD,South Dakota,2017,5.06,4.363333333333332
SD,South Dakota,2018,4.66,4.726666666666666
SD,South Dakota,2019,4.38,4.699999999999998
SD,South Dakota,2020,2.99,4.009999999999999
SD,South Dakota,2021,11.25,6.206666666666666
SD,South Dakota,2022,17.15,10.463333333333333
SD,South Dakota,2023,7.62,12.006666666666666
SD,South Dakota,2024,3.31,9.359999999999998
TN,Tennessee,1975,,
TN,Tennessee,1976,2.5,2.5
TN,Tennessee,1977,9.96,6.23
TN,Tennessee,1978,11.56,8.006666666666668
TN,Tennessee,1979,9.05,10.19
TN,Tennessee,1980,7.35,9.32
TN,Tennessee,1981,3.32,6.573333333333333
TN,Tennessee,1982,-0.08,3.53
TN,Tennessee,1983,9.14,4.126666666666667
TN,Tennessee,1984,1.19,3.4166666666666665
TN,Tennessee,1985,8.73,6.353333333333334
TN,Tennessee,1986,5.61,5.176666666666667
TN,Tennessee,1987,5.83,6.723333333333334
TN,Tennessee,1988,3.27,4.903333333333333
TN,Tennessee,1989,1.45,3.516666666666667
TN,Tennessee,1990,0.47,1.7299999999999998
TN,Tennessee,1991,0.96,0.96
TN,Tennessee,1992,2.24,1.2233333333333334
TN,Tennessee,1993,2.72,1.9733333333333334
TN,Tennessee,1994,4.52,3.16
TN,Tennessee,1995,6.31,4.516666666666667
TN,Tennessee,1996,4.54,5.123333333333332
TN,Tennessee,1997,4.68,5.176666666666666
TN,Tennessee,1998,4.06,4.426666666666667
TN,Tennessee,1999,3.15,3.963333333333333
TN,Tennessee,2000,3.36,3.523333333333333
TN,Tennessee,2001,3.81,3.4399999999999995
TN,Tennessee,2002,2.33,3.166666666666666
TN,Tennessee,2003,1.79,2.643333333333333
TN,Tennessee,2004,3.69,2.603333333333333
TN,Tennessee,2005,6.53,4.003333333333333
TN,Tennessee,2006,7.2,5.8066666666666675
TN,Tennessee,2007,4.1,5.9433333333333325
TN,Tennessee,2008,0.2,3.8333333333333326
TN,Tennessee,2009,-2.41,0.6299999999999996
TN,Tennessee,2010,-3.48,-1.8966666666666672
TN,Tennessee,2011,-2.67,-2.8533333333333335
TN,Tennessee,2012,-0.99,-2.3800000000000003
TN,Tennessee,2013,1.53,-0.7100000000000003
TN,Tennessee,2014,4.18,1.573333333333333
TN,Tennessee,2015,4.45,3.3866666666666667
TN,Tennessee,2016,5.75,4.793333333333333
TN,Tennessee,2017,7.02,5.739999999999999
TN,Tennessee,2018,7.15,6.64
TN,Tennessee,2019,5.62,6.596666666666667
TN,Tennessee,2020,4.43,5.733333333333333
TN,Tennessee,2021,14.1,8.049999999999999
TN,Tennessee,2022,21.36,13.296666666666667
TN,Tennessee,2023,7.41,14.29
TN,Tennessee,2024,4.9,11.223333333333334
TX,Texas,1975,,
TX,Texas,1976,8.51,8.51
TX,Texas,1977,13.03,10.77
TX,Texas,1978,14.5,12.013333333333334
TX,Texas,1979,16.29,14.606666666666667
TX,Texas,1980,11.19,13.993333333333332
TX,Texas,1981,8.24,11.906666666666666
TX,Texas,1982,7.49,8.973333333333334
TX,Texas,1983,4.55,6.760000000000001
TX,Texas,1984,1.54,4.526666666666666
TX,Texas,1985,-0.49,1.8666666666666665
TX,Texas,1986,1.11,0.7200000000000001
TX,Texas,1987,-6.01,-1.7966666666666666
TX,Texas,1988,-6.05,-3.65
TX,Texas,1989,1.0,-3.686666666666666
TX,Texas,1990,1.38,-1.2233333333333334
TX,Texas,1991,2.04,1.4733333333333334
TX,Texas,1992,2.96,2.1266666666666665
TX,Texas,1993,2.26,2.42
TX,Texas,1994,1.96,2.393333333333333
TX,Texas,1995,1.57,1.93
TX,Texas,1996,2.32,1.95
TX,Texas,1997,2.18,2.0233333333333334
TX,Texas,1998,4.21,2.903333333333333
TX,Texas,1999,4.91,3.766666666666667
TX,Texas,2000,6.92,5.346666666666667
TX,Texas,2001,5.89,5.906666666666666
TX,Texas,2002,3.09,5.3
TX,Texas,2003,2.06,3.6799999999999997
TX,Texas,2004,2.26,2.4699999999999993
TX,Texas,2005,4.53,2.9499999999999997
TX,Texas,2006,5.91,4.233333333333333
TX,Texas,2007,4.84,5.093333333333333
TX,Texas,2008,1.48,4.076666666666667
TX,Texas,2009,-0.4,1.9733333333333334
TX,Texas,2010,-1.43,-0.1166666666666667
TX,Texas,2011,-1.43,-1.0866666666666667
TX,Texas,2012,0.92,-0.6466666666666666
TX,Texas,2013,4.13,1.2066666666666668
TX,Texas,2014,7.65,4.233333333333333
TX,Texas,2015,6.72,6.166666666666667
TX,Texas,2016,6.97,7.113333333333333
TX,Texas,2017,7.04,6.909999999999999
TX,Texas,2018,6.07,6.6933333333333325
TX,Texas,2019,4.57,5.8933333333333335
TX,Texas,2020,3.25,4.63
TX,Texas,2021,12.52,6.78
TX,Texas,2022,18.46,11.410000000000002
TX,Texas,2023,4.58,11.853333333333333
TX,Texas,2024,2.31,8.450000000000001
UT,Utah,1975,,
UT,Utah,1976,10.91,10.91
UT,Utah,1977,15.09,13.0
UT,Utah,1978,17.43,14.476666666666667
UT,Utah,1979,15.09,15.87
UT,Utah,1980,4.43,12.316666666666668
UT,Utah,1981,7.98,9.166666666666666
UT,Utah,1982,1.99,4.8
UT,Utah,1983,2.11,4.026666666666666
UT,Utah,1984,0.51,1.5366666666666664
UT,Utah,1985,2.14,1.5866666666666667
UT,Utah,1986,0.97,1.2066666666666668
UT,Utah,1987,-1.67,0.4800000000000002
UT,Utah,1988,-3.16,-1.2866666666666668
UT,Utah,1989,2.18,-0.8833333333333333
UT,Utah,1990,3.36,0.7933333333333333
UT,Utah,1991,5.44,3.66
UT,Utah,1992,5.11,4.636666666666667
UT,Utah,1993,11.03,7.1933333333333325
UT,Utah,1994,13.51,9.883333333333333
UT,Utah,1995,14.23,12.923333333333332
UT,Utah,1996,6.9,11.546666666666667
UT,Utah,1997,6.53,9.22
UT,Utah,1998,3.63,5.6866666666666665
UT,Utah,1999,1.36,3.8399999999999994
UT,Utah,2000,1.6,2.196666666666666
UT,Utah,2001,3.33,2.0966666666666662
UT,Utah,2002,0.79,1.906666666666666
UT,Utah,2003,0.37,1.4966666666666661
UT,Utah,2004,2.72,1.2933333333333328
UT,Utah,2005,9.97,4.353333333333333
UT,Utah,2006,16.0,9.563333333333333
UT,Utah,2007,11.55,12.506666666666666
UT,Utah,2008,-0.64,8.97
UT,Utah,2009,-8.59,0.7733333333333329
UT,Utah,2010,-7.47,-5.566666666666667
UT,Utah,2011,-5.47,-7.176666666666667
UT,Utah,2012,0.93,-4.003333333333334
UT,Utah,2013,6.48,0.6466666666666662
UT,Utah,2014,6.81,4.739999999999999
UT,Utah,2015,4.8,6.0299999999999985
UT,Utah,2016,7.48,6.363333333333332
UT,Utah,2017,8.8,7.026666666666666
UT,Utah,2018,9.01,8.43
UT,Utah,2019,7.5,8.436666666666666
UT,Utah,2020,5.45,7.319999999999999
UT,Utah,2021,18.86,10.603333333333332
UT,Utah,2022,20.14,14.816666666666665
UT,Utah,2023,0.68,13.226666666666665
UT,Utah,2024,3.76,8.193333333333333
VA,Virginia,1975,,
VA,Virginia,1976,3.51,3.51
VA,Virginia,1977,8.84,6.175
VA,Virginia,1978,12.0,8.116666666666667
VA,Virginia,1979,9.4,10.08
VA,Virginia,1980,11.54,10.979999999999999
VA,Virginia,1981,4.53,8.49
VA,Virginia,1982,-0.45,5.206666666666666
VA,Virginia,1983,11.11,5.0633333333333335
VA,Virginia,1984,4.87,5.176666666666667
VA,Virginia,1985,5.65,7.21
VA,Virginia,1986,4.69,5.07
VA,Virginia,1987,8.28,6.206666666666666
VA,Virginia,1988,14.05,9.006666666666668
VA,Virginia,1989,8.2,10.176666666666668
VA,Virginia,1990,0.99,7.746666666666666
VA,Virginia,1991,-0.55,2.8799999999999994
VA,Virginia,1992,0.84,0.4266666666666666
VA,Virginia,1993,0.16,0.15
VA,Virginia,1994,0.74,0.58
VA,Virginia,1995,1.4,0.7666666666666666
VA,Virginia,1996,1.75,1.2966666666666666
VA,Virginia,1997,2.04,1.7299999999999998
VA,Virginia,1998,2.04,1.9433333333333334
VA,Virginia,1999,4.27,2.783333333333333
VA,Virginia,2000,8.23,4.846666666666667
VA,Virginia,2001,8.14,6.88
VA,Virginia,2002,7.76,8.043333333333335
VA,Virginia,2003,5.73,7.210000000000001
VA,Virginia,2004,14.17,9.22
VA,Virginia,2005,20.1,13.333333333333334
VA,Virginia,2006,10.33,14.866666666666667
VA,Virginia,2007,1.62,10.683333333333335
VA,Virginia,2008,-4.64,2.436666666666667
VA,Virginia,2009,-6.73,-3.25
VA,Virginia,2010,-4.33,-5.233333333333333
VA,Virginia,2011,-2.93,-4.663333333333333
VA,Virginia,2012,-1.21,-2.8233333333333337
VA,Virginia,2013,1.23,-0.9700000000000001
VA,Virginia,2014,3.06,1.0266666666666666
VA,Virginia,2015,2.44,2.2433333333333336
VA,Virginia,2016,2.22,2.5733333333333333
VA,Virginia,2017,3.17,2.61
VA,Virginia,2018,3.64,3.0100000000000002
VA,Virginia,2019,3.92,3.5766666666666667
VA,Virginia,2020,3.3,3.6199999999999997
VA,Virginia,2021,9.54,5.586666666666666
VA,Virginia,2022,14.02,8.953333333333333
VA,Virginia,2023,7.78,10.446666666666665
VA,Virginia,2024,6.65,9.483333333333333
VT,Vermont,1975,,
VT,Vermont,1976,5.46,5.46
VT,Vermont,1977,3.53,4.495
VT,Vermont,1978,16.48,8.49
VT,Vermont,1979,3.64,7.883333333333334
VT,Vermont,1980,12.53,10.883333333333335
VT,Vermont,1981,0.74,5.636666666666668
VT,Vermont,1982,5.35,6.206666666666668
VT,Vermont,1983,3.33,3.140000000000001
VT,Vermont,1984,9.58,6.086666666666669
VT,Vermont,1985,6.88,6.596666666666668
VT,Vermont,1986,8.98,8.48
VT,Vermont,1987,12.57,9.476666666666668
VT,Vermont,1988,15.95,12.5
VT,Vermont,1989,8.29,12.270000000000001
VT,Vermont,1990,0.74,8.326666666666666
VT,Vermont,1991,-1.6,2.4766666666666675
VT,Vermont,1992,-0.22,-0.3599999999999988
VT,Vermont,1993,0.15,-0.5566666666666655
VT,Vermont,1994,0.2,0.04333333333333452
VT,Vermont,1995,1.04,0.46333333333333454
VT,Vermont,1996,0.86,0.7000000000000012
VT,Vermont,1997,0.66,0.8533333333333345
VT,Vermont,1998,1.82,1.1133333333333344
VT,Vermont,1999,3.96,2.146666666666668
VT,Vermont,2000,8.68,4.820000000000001
VT,Vermont,2001,6.56,6.400000000000001
VT,Vermont,2002,6.03,7.090000000000001
VT,Vermont,2003,5.35,5.98
VT,Vermont,2004,12.81,8.063333333333334
VT,Vermont,2005,14.45,10.87
VT,Vermont,2006,7.97,11.743333333333332
VT,Vermont,2007,2.06,8.16
VT,Vermont,2008,-0.29,3.2466666666666675
VT,Vermont,2009,-3.27,-0.4999999999999994
VT,Vermont,2010,-1.89,-1.8166666666666662
VT,Vermont,2011,-1.03,-2.0633333333333326
VT,Vermont,2012,-0.71,-1.2099999999999993
VT,Vermont,2013,-0.38,-0.7066666666666661
VT,Vermont,2014,0.25,-0.2799999999999994
VT,Vermont,2015,1.42,0.4300000000000006
VT,Vermont,2016,1.15,0.9400000000000005
VT,Vermont,2017,2.75,1.773333333333334
VT,Vermont,2018,3.16,2.353333333333334
VT,Vermont,2019,3.78,3.2300000000000004
VT,Vermont,2020,3.42,3.4533333333333336
VT,Vermont,2021,12.3,6.5
VT,Vermont,2022,16.19,10.636666666666668
VT,Vermont,2023,12.77,13.753333333333336
VT,Vermont,2024,7.39,12.116666666666667
WA,Washington,1975,,
WA,Washington,1976,14.44,14.44
WA,Washington,1977,19.16,16.8
WA,Washington,1978,23.44,19.013333333333332
WA,Washington,1979,15.5,19.366666666666667
WA,Washington,1980,9.25,16.063333333333333
WA,Washington,1981,2.67,9.139999999999999
WA,Washington,1982,-13.91,-0.6633333333333346
WA,Washington,1983,16.89,1.8833333333333322
WA,Washington,1984,3.33,2.103333333333332
WA,Washington,1985,2.48,7.566666666666666
WA,Washington,1986,2.25,2.686666666666666
WA,Washington,1987,2.84,2.523333333333333
WA,Washington,1988,5.94,3.676666666666666
WA,Washington,1989,15.74,8.173333333333332
WA,Washington,1990,19.55,13.743333333333334
WA,Washington,1991,6.44,13.910000000000002
WA,Washington,1992,2.9,9.63
WA,Washington,1993,3.42,4.253333333333333
WA,Washington,1994,4.11,3.4766666666666666
WA,Washington,1995,4.17,3.9
WA,Washington,1996,2.54,3.606666666666667
WA,Washington,1997,4.32,3.676666666666667
WA,Washington,1998,5.49,4.116666666666667
WA,Washington,1999,4.58,4.796666666666668
WA,Washington,2000,6.4,5.489999999999999
WA,Washington,2001,5.29,5.423333333333335
WA,Washington,2002,3.69,5.126666666666667
WA,Washington,2003,2.66,3.8800000000000003
WA,Washington,2004,9.04,5.13
WA,Washington,2005,16.73,9.476666666666667
WA,Washington,2006,15.54,13.770000000000001
WA,Washington,2007,6.65,12.973333333333334
WA,Washington,2008,-1.92,6.756666666666668
WA,Washington,2009,-9.65,-1.6399999999999988
WA,Washington,2010,-7.78,-6.449999999999999
WA,Washington,2011,-6.59,-8.006666666666666
WA,Washington,2012,-2.49,-5.619999999999998
WA,Washington,2013,4.77,-1.4366666666666654
WA,Washington,2014,8.0,3.4266666666666676
WA,Washington,2015,7.3,6.690000000000001
WA,Washington,2016,10.76,8.686666666666667
WA,Washington,2017,10.15,9.403333333333334
WA,Washington,2018,9.16,10.023333333333333
WA,Washington,2019,5.73,8.34666666666667
WA,Washington,2020,5.1,6.663333333333334
WA,Washington,2021,14.55,8.46
WA,Washington,2022,17.13,12.26
WA,Washington,2023,1.2,10.96
WA,Washington,2024,4.13,7.486666666666669
WI,Wisconsin,1975,,
WI,Wisconsin,1976,3.43,3.43
WI,Wisconsin,1977,15.67,9.55
WI,Wisconsin,1978,15.95,11.683333333333332
WI,Wisconsin,1979,11.26,14.293333333333331
WI,Wisconsin,1980,3.93,10.379999999999999
WI,Wisconsin,1981,-2.7,4.163333333333333
WI,Wisconsin,1982,-3.77,-0.8466666666666667
WI,Wisconsin,1983,11.12,1.5499999999999996
WI,Wisconsin,1984,1.28,2.8766666666666665
WI,Wisconsin,1985,2.21,4.87
WI,Wisconsin,1986,2.59,2.026666666666667
WI,Wisconsin,1987,1.63,2.143333333333333
WI,Wisconsin,1988,6.19,3.47
WI,Wisconsin,1989,6.04,4.62
WI,Wisconsin,1990,4.91,5.713333333333334
WI,Wisconsin,1991,4.3,5.083333333333333
WI,Wisconsin,1992,3.98,4.396666666666667
WI,Wisconsin,1993,4.56,4.28
WI,Wisconsin,1994,6.97,5.169999999999999
WI,Wisconsin,1995,7.94,6.489999999999999
WI,Wisconsin,1996,3.71,6.206666666666667
WI,Wisconsin,1997,4.6,5.416666666666667
WI,Wisconsin,1998,2.87,3.7266666666666666
WI,Wisconsin,1999,4.57,4.013333333333333
WI,Wisconsin,2000,6.54,4.66
WI,Wisconsin,2001,5.19,5.433333333333334
WI,Wisconsin,2002,3.88,5.203333333333333
WI,Wisconsin,2003,3.33,4.133333333333334
WI,Wisconsin,2004,7.55,4.92
WI,Wisconsin,2005,8.3,6.3933333333333335
WI,Wisconsin,2006,3.54,6.463333333333334
WI,Wisconsin,2007,1.08,4.3066666666666675
WI,Wisconsin,2008,-1.27,1.1166666666666667
WI,Wisconsin,2009,-3.85,-1.3466666666666667
WI,Wisconsin,2010,-4.18,-3.1
WI,Wisconsin,2011,-3.25,-3.7600000000000002
WI,Wisconsin,2012,-1.72,-3.0500000000000003
WI,Wisconsin,2013,-0.21,-1.7266666666666666
WI,Wisconsin,2014,1.65,-0.09333333333333334
WI,Wisconsin,2015,2.84,1.4266666666666665
WI,Wisconsin,2016,4.02,2.836666666666666
WI,Wisconsin,2017,5.09,3.983333333333333
WI,Wisconsin,2018,5.53,4.88
WI,Wisconsin,2019,4.86,5.16
WI,Wisconsin,2020,2.61,4.333333333333333
WI,Wisconsin,2021,10.03,5.833333333333333
WI,Wisconsin,2022,14.68,9.106666666666667
WI,Wisconsin,2023,10.38,11.696666666666667
WI,Wisconsin,2024,7.2,10.753333333333332
WV,West Virginia,1975,,
WV,West Virginia,1976,1.53,1.53
WV,West Virginia,1977,19.7,10.615
WV,West Virginia,1978,7.1,9.443333333333333
WV,West Virginia,1979,6.91,11.236666666666666
WV,West Virginia,1980,16.74,10.249999999999998
WV,West Virginia,1981,-3.3,6.783333333333332
WV,West Virginia,1982,-18.52,-1.6933333333333345
WV,West Virginia,1983,16.02,-1.9333333333333336
WV,West Virginia,1984,0.14,-0.7866666666666681
WV,West Virginia,1985,-1.52,4.879999999999999
WV,West Virginia,1986,3.7,0.7733333333333324
WV,West Virginia,1987,0.84,1.0066666666666657
WV,West Virginia,1988,1.12,1.8866666666666658
WV,West Virginia,1989,2.74,1.5666666666666658
WV,West Virginia,1990,2.22,2.026666666666666
WV,West Virginia,1991,3.66,2.8733333333333326
WV,West Virginia,1992,2.95,2.943333333333333
WV,West Virginia,1993,4.37,3.659999999999999
WV,West Virginia,1994,5.11,4.143333333333332
WV,West Virginia,1995,4.73,4.7366666666666655
WV,West Virginia,1996,3.29,4.376666666666666
WV,West Virginia,1997,3.02,3.6799999999999984
WV,West Virginia,1998,3.52,3.2766666666666655
WV,West Virginia,1999,1.86,2.799999999999999
WV,West Virginia,2000,2.65,2.676666666666666
WV,West Virginia,2001,3.78,2.763333333333332
WV,West Virginia,2002,2.26,2.896666666666665
WV,West Virginia,2003,1.93,2.6566666666666654
WV,West Virginia,2004,5.68,3.2899999999999987
WV,West Virginia,2005,9.48,5.696666666666665
WV,West Virginia,2006,5.45,6.869999999999998
WV,West Virginia,2007,1.62,5.516666666666666
WV,West Virginia,2008,-0.66,2.1366666666666654
WV,West Virginia,2009,-3.1,-0.7133333333333346
WV,West Virginia,2010,-1.85,-1.8700000000000012
WV,West Virginia,2011,-1.73,-2.226666666666668
WV,West Virginia,2012,-0.69,-1.4233333333333344
WV,West Virginia,2013,1.48,-0.3133333333333345
WV,West Virginia,2014,2.63,1.1399999999999988
WV,West Virginia,2015,1.75,1.953333333333332
WV,West Virginia,2016,1.82,2.0666666666666655
WV,West Virginia,2017,1.12,1.5633333333333324
WV,West Virginia,2018,2.43,1.789999999999999
WV,West Virginia,2019,2.01,1.853333333333332
WV,West Virginia,2020,2.42,2.2866666666666653
WV,West Virginia,2021,7.91,4.113333333333332
WV,West Virginia,2022,10.56,6.963333333333332
WV,West Virginia,2023,6.21,8.226666666666667
WV,West Virginia,2024,5.74,7.503333333333331
WY,Wyoming,1975,,
WY,Wyoming,1976,15.84,15.84
WY,Wyoming,1977,14.59,15.215
WY,Wyoming,1978,15.24,15.223333333333334
WY,Wyoming,1979,22.36,17.396666666666665
WY,Wyoming,1980,5.75,14.449999999999998
WY,Wyoming,1981,12.94,13.683333333333335
WY,Wyoming,1982,2.19,6.960000000000001
WY,Wyoming,1983,-7.9,2.4100000000000006
WY,Wyoming,1984,-6.56,-4.089999999999999
WY,Wyoming,1985,-2.76,-5.739999999999998
WY,Wyoming,1986,-0.44,-3.253333333333332
WY,Wyoming,1987,-8.98,-4.059999999999999
WY,Wyoming,1988,-8.95,-6.123333333333332
WY,Wyoming,1989,4.88,-4.349999999999998
WY,Wyoming,1990,7.17,1.0333333333333348
WY,Wyoming,1991,6.18,6.076666666666668
WY,Wyoming,1992,5.42,6.256666666666668
WY,Wyoming,1993,7.45,6.350000000000001
WY,Wyoming,1994,8.43,7.100000000000001
WY,Wyoming,1995,9.25,8.376666666666669
WY,Wyoming,1996,3.82,7.166666666666669
WY,Wyoming,1997,3.28,5.450000000000002
WY,Wyoming,1998,2.9,3.3333333333333353
WY,Wyoming,1999,2.37,2.8500000000000014
WY,Wyoming,2000,4.94,3.4033333333333355
WY,Wyoming,2001,5.64,4.316666666666669
WY,Wyoming,2002,5.56,5.380000000000003
WY,Wyoming,2003,4.88,5.360000000000002
WY,Wyoming,2004,8.84,6.4266666666666685
WY,Wyoming,2005,11.69,8.47
WY,Wyoming,2006,12.64,11.05666666666667
WY,Wyoming,2007,9.35,11.226666666666668
WY,Wyoming,2008,1.9,7.963333333333336
WY,Wyoming,2009,-2.55,2.900000000000002
WY,Wyoming,2010,-3.64,-1.4299999999999977
WY,Wyoming,2011,-1.63,-2.6066666666666642
WY,Wyoming,2012,1.02,-1.4166666666666643
WY,Wyoming,2013,2.17,0.5200000000000023
WY,Wyoming,2014,3.55,2.2466666666666693
WY,Wyoming,2015,2.91,2.876666666666669
WY,Wyoming,2016,1.89,2.7833333333333354
WY,Wyoming,2017,1.59,2.130000000000002
WY,Wyoming,2018,3.47,2.316666666666669
WY,Wyoming,2019,4.36,3.140000000000003
WY,Wyoming,2020,3.81,3.8800000000000026
WY,Wyoming,2021,9.47,5.880000000000003
WY,Wyoming,2022,14.6,9.293333333333337
WY,Wyoming,2023,5.45,9.840000000000002
WY,Wyoming,2024,4.85,8.300000000000002
